,DataSetName,ColumnName,ColumnType,Encoder,EncoderForOthers,Cardinality,Score
0,car,aspiration,Nominal,LabelEncoder,,2,0.029850746268656716
1,car,aspiration,Nominal,BaseNEncoder,,2,0.04477611940298507
2,car,aspiration,Nominal,SumEncoder,,2,0.014925373134328358
3,car,aspiration,Nominal,JamesSteinEncoder,,2,0.029850746268656716
4,car,aspiration,Nominal,FrequencyEncoder,,2,0.029850746268656716
5,car,aspiration,Nominal,TargetEncoder,,2,0.029850746268656716
6,car,aspiration,Nominal,BinaryEncoder,,2,0.04477611940298507
7,car,aspiration,Nominal,HelmertEncoder,,2,0.014925373134328358
8,car,aspiration,Nominal,OneHotEncoder,,2,0.04477611940298507
9,car,aspiration,Nominal,HashingEncoder,,2,0.029850746268656716
10,car,fuel_system,Nominal,LabelEncoder,,8,0.014925373134328358
11,car,fuel_system,Nominal,BaseNEncoder,,8,0.014925373134328358
12,car,fuel_system,Nominal,SumEncoder,,8,0.014925373134328358
13,car,fuel_system,Nominal,JamesSteinEncoder,,8,0.014925373134328358
14,car,fuel_system,Nominal,FrequencyEncoder,,8,0.014925373134328358
15,car,fuel_system,Nominal,TargetEncoder,,8,0.014925373134328358
16,car,fuel_system,Nominal,BinaryEncoder,,8,0.014925373134328358
17,car,fuel_system,Nominal,HelmertEncoder,,8,0.029850746268656716
18,car,fuel_system,Nominal,OneHotEncoder,,8,0.029850746268656716
19,car,fuel_system,Nominal,HashingEncoder,,8,0.014925373134328358
20,car,num_of_cylinders,Nominal,LabelEncoder,,7,0.014925373134328358
21,car,num_of_cylinders,Nominal,BaseNEncoder,,7,0.0
22,car,num_of_cylinders,Nominal,SumEncoder,,7,0.0
23,car,num_of_cylinders,Nominal,JamesSteinEncoder,,7,0.014925373134328358
24,car,num_of_cylinders,Nominal,FrequencyEncoder,,7,0.0
25,car,num_of_cylinders,Nominal,TargetEncoder,,7,0.014925373134328358
26,car,num_of_cylinders,Nominal,BinaryEncoder,,7,0.0
27,car,num_of_cylinders,Nominal,HelmertEncoder,,7,0.029850746268656716
28,car,num_of_cylinders,Nominal,OneHotEncoder,,7,0.014925373134328358
29,car,num_of_cylinders,Nominal,HashingEncoder,,7,0.014925373134328358
30,car,engine_location,Nominal,LabelEncoder,,2,0.014925373134328358
31,car,engine_location,Nominal,BaseNEncoder,,2,0.014925373134328358
32,car,engine_location,Nominal,SumEncoder,,2,0.014925373134328358
33,car,engine_location,Nominal,JamesSteinEncoder,,2,0.014925373134328358
34,car,engine_location,Nominal,FrequencyEncoder,,2,0.014925373134328358
35,car,engine_location,Nominal,TargetEncoder,,2,0.014925373134328358
36,car,engine_location,Nominal,BinaryEncoder,,2,0.014925373134328358
37,car,engine_location,Nominal,HelmertEncoder,,2,0.029850746268656716
38,car,engine_location,Nominal,OneHotEncoder,,2,0.014925373134328358
39,car,engine_location,Nominal,HashingEncoder,,2,0.014925373134328358
40,car,make,Nominal,LabelEncoder,,21,0.029850746268656716
41,car,make,Nominal,BaseNEncoder,,21,0.029850746268656716
42,car,make,Nominal,SumEncoder,,21,0.029850746268656716
43,car,make,Nominal,JamesSteinEncoder,,21,0.04477611940298507
44,car,make,Nominal,FrequencyEncoder,,21,0.029850746268656716
45,car,make,Nominal,TargetEncoder,,21,0.04477611940298507
46,car,make,Nominal,BinaryEncoder,,21,0.029850746268656716
47,car,make,Nominal,HelmertEncoder,,21,0.014925373134328358
48,car,make,Nominal,OneHotEncoder,,21,0.029850746268656716
49,car,make,Nominal,HashingEncoder,,21,0.014925373134328358
50,car,engine_type,Nominal,LabelEncoder,,7,0.04477611940298507
51,car,engine_type,Nominal,BaseNEncoder,,7,0.029850746268656716
52,car,engine_type,Nominal,SumEncoder,,7,0.029850746268656716
53,car,engine_type,Nominal,JamesSteinEncoder,,7,0.014925373134328358
54,car,engine_type,Nominal,FrequencyEncoder,,7,0.029850746268656716
55,car,engine_type,Nominal,TargetEncoder,,7,0.014925373134328358
56,car,engine_type,Nominal,BinaryEncoder,,7,0.029850746268656716
57,car,engine_type,Nominal,HelmertEncoder,,7,0.014925373134328358
58,car,engine_type,Nominal,OneHotEncoder,,7,0.014925373134328358
59,car,engine_type,Nominal,HashingEncoder,,7,0.029850746268656716
60,car,body_style,Nominal,LabelEncoder,,5,0.014925373134328358
61,car,body_style,Nominal,BaseNEncoder,,5,0.014925373134328358
62,car,body_style,Nominal,SumEncoder,,5,0.0
63,car,body_style,Nominal,JamesSteinEncoder,,5,0.014925373134328358
64,car,body_style,Nominal,FrequencyEncoder,,5,0.029850746268656716
65,car,body_style,Nominal,TargetEncoder,,5,0.014925373134328358
66,car,body_style,Nominal,BinaryEncoder,,5,0.014925373134328358
67,car,body_style,Nominal,HelmertEncoder,,5,0.029850746268656716
68,car,body_style,Nominal,OneHotEncoder,,5,0.014925373134328358
69,car,body_style,Nominal,HashingEncoder,,5,0.04477611940298507
70,car,drive_wheels,Nominal,LabelEncoder,,2,0.04477611940298507
71,car,drive_wheels,Nominal,BaseNEncoder,,2,0.014925373134328358
72,car,drive_wheels,Nominal,SumEncoder,,2,0.014925373134328358
73,car,drive_wheels,Nominal,JamesSteinEncoder,,2,0.04477611940298507
74,car,drive_wheels,Nominal,FrequencyEncoder,,2,0.029850746268656716
75,car,drive_wheels,Nominal,TargetEncoder,,2,0.04477611940298507
76,car,drive_wheels,Nominal,BinaryEncoder,,2,0.014925373134328358
77,car,drive_wheels,Nominal,HelmertEncoder,,2,0.014925373134328358
78,car,drive_wheels,Nominal,OneHotEncoder,,2,0.014925373134328358
79,car,drive_wheels,Nominal,HashingEncoder,,2,0.04477611940298507
80,car,fuel_type,Nominal,LabelEncoder,,2,0.029850746268656716
81,car,fuel_type,Nominal,BaseNEncoder,,2,0.029850746268656716
82,car,fuel_type,Nominal,SumEncoder,,2,0.04477611940298507
83,car,fuel_type,Nominal,JamesSteinEncoder,,2,0.029850746268656716
84,car,fuel_type,Nominal,FrequencyEncoder,,2,0.029850746268656716
85,car,fuel_type,Nominal,TargetEncoder,,2,0.029850746268656716
86,car,fuel_type,Nominal,BinaryEncoder,,2,0.029850746268656716
87,car,fuel_type,Nominal,HelmertEncoder,,2,0.014925373134328358
88,car,fuel_type,Nominal,OneHotEncoder,,2,0.014925373134328358
89,car,fuel_type,Nominal,HashingEncoder,,2,0.029850746268656716
90,audiology,o_ar_c,Nominal,LabelEncoder,,3,0.25396825396825395
91,audiology,o_ar_c,Nominal,BaseNEncoder,,3,0.25396825396825395
92,audiology,o_ar_c,Nominal,SumEncoder,,3,0.25396825396825395
93,audiology,o_ar_c,Nominal,JamesSteinEncoder,,3,0.25396825396825395
94,audiology,o_ar_c,Nominal,FrequencyEncoder,,3,0.25396825396825395
95,audiology,o_ar_c,Nominal,TargetEncoder,,3,0.25396825396825395
96,audiology,o_ar_c,Nominal,BinaryEncoder,,3,0.25396825396825395
97,audiology,o_ar_c,Nominal,HelmertEncoder,,3,0.25396825396825395
98,audiology,o_ar_c,Nominal,OneHotEncoder,,3,0.25396825396825395
99,audiology,o_ar_c,Nominal,HashingEncoder,,3,0.20634920634920634
100,audiology,indentifier,Nominal,LabelEncoder,,190,0.25396825396825395
101,audiology,indentifier,Nominal,BaseNEncoder,,190,0.19047619047619047
102,audiology,indentifier,Nominal,SumEncoder,,190,0.20634920634920634
103,audiology,indentifier,Nominal,JamesSteinEncoder,,190,0.20634920634920634
104,audiology,indentifier,Nominal,FrequencyEncoder,,190,0.20634920634920634
105,audiology,indentifier,Nominal,TargetEncoder,,190,0.20634920634920634
106,audiology,indentifier,Nominal,BinaryEncoder,,190,0.19047619047619047
107,audiology,indentifier,Nominal,HelmertEncoder,,190,0.25396825396825395
108,audiology,indentifier,Nominal,OneHotEncoder,,190,0.20634920634920634
109,audiology,indentifier,Nominal,HashingEncoder,,190,0.1746031746031746
110,audiology,air,Ordinal,LabelEncoder,,4,0.23809523809523808
111,audiology,air,Ordinal,BaseNEncoder,,4,0.23809523809523808
112,audiology,air,Ordinal,SumEncoder,,4,0.23809523809523808
113,audiology,air,Ordinal,JamesSteinEncoder,,4,0.23809523809523808
114,audiology,air,Ordinal,FrequencyEncoder,,4,0.23809523809523808
115,audiology,air,Ordinal,TargetEncoder,,4,0.23809523809523808
116,audiology,air,Ordinal,BinaryEncoder,,4,0.23809523809523808
117,audiology,air,Ordinal,HelmertEncoder,,4,0.23809523809523808
118,audiology,air,Ordinal,OneHotEncoder,,4,0.23809523809523808
119,audiology,air,Ordinal,HashingEncoder,,4,0.25396825396825395
120,audiology,ar_u,Nominal,LabelEncoder,,3,0.20634920634920634
121,audiology,ar_u,Nominal,BaseNEncoder,,3,0.20634920634920634
122,audiology,ar_u,Nominal,SumEncoder,,3,0.20634920634920634
123,audiology,ar_u,Nominal,JamesSteinEncoder,,3,0.20634920634920634
124,audiology,ar_u,Nominal,FrequencyEncoder,,3,0.20634920634920634
125,audiology,ar_u,Nominal,TargetEncoder,,3,0.20634920634920634
126,audiology,ar_u,Nominal,BinaryEncoder,,3,0.20634920634920634
127,audiology,ar_u,Nominal,HelmertEncoder,,3,0.20634920634920634
128,audiology,ar_u,Nominal,OneHotEncoder,,3,0.20634920634920634
129,audiology,ar_u,Nominal,HashingEncoder,,3,0.20634920634920634
130,audiology,ar_c,Nominal,LabelEncoder,,3,0.2698412698412698
131,audiology,ar_c,Nominal,BaseNEncoder,,3,0.2698412698412698
132,audiology,ar_c,Nominal,SumEncoder,,3,0.2698412698412698
133,audiology,ar_c,Nominal,JamesSteinEncoder,,3,0.2698412698412698
134,audiology,ar_c,Nominal,FrequencyEncoder,,3,0.2698412698412698
135,audiology,ar_c,Nominal,TargetEncoder,,3,0.2698412698412698
136,audiology,ar_c,Nominal,BinaryEncoder,,3,0.2698412698412698
137,audiology,ar_c,Nominal,HelmertEncoder,,3,0.2698412698412698
138,audiology,ar_c,Nominal,OneHotEncoder,,3,0.2698412698412698
139,audiology,ar_c,Nominal,HashingEncoder,,3,0.2222222222222222
140,audiology,speech,Ordinal,LabelEncoder,,6,0.2698412698412698
141,audiology,speech,Ordinal,BaseNEncoder,,6,0.2698412698412698
142,audiology,speech,Ordinal,SumEncoder,,6,0.2698412698412698
143,audiology,speech,Ordinal,JamesSteinEncoder,,6,0.2698412698412698
144,audiology,speech,Ordinal,FrequencyEncoder,,6,0.2698412698412698
145,audiology,speech,Ordinal,TargetEncoder,,6,0.2698412698412698
146,audiology,speech,Ordinal,BinaryEncoder,,6,0.2698412698412698
147,audiology,speech,Ordinal,HelmertEncoder,,6,0.2698412698412698
148,audiology,speech,Ordinal,OneHotEncoder,,6,0.2698412698412698
149,audiology,speech,Ordinal,HashingEncoder,,6,0.25396825396825395
150,audiology,o_ar_u,Nominal,LabelEncoder,,3,0.2857142857142857
151,audiology,o_ar_u,Nominal,BaseNEncoder,,3,0.2857142857142857
152,audiology,o_ar_u,Nominal,SumEncoder,,3,0.2857142857142857
153,audiology,o_ar_u,Nominal,JamesSteinEncoder,,3,0.2857142857142857
154,audiology,o_ar_u,Nominal,FrequencyEncoder,,3,0.2857142857142857
155,audiology,o_ar_u,Nominal,TargetEncoder,,3,0.2857142857142857
156,audiology,o_ar_u,Nominal,BinaryEncoder,,3,0.2857142857142857
157,audiology,o_ar_u,Nominal,HelmertEncoder,,3,0.2857142857142857
158,audiology,o_ar_u,Nominal,OneHotEncoder,,3,0.2857142857142857
159,audiology,o_ar_u,Nominal,HashingEncoder,,3,0.23809523809523808
160,bridges,CLEAR-G,Nominal,LabelEncoder,,2,0.6857142857142857
161,bridges,CLEAR-G,Nominal,BaseNEncoder,,2,0.6857142857142857
162,bridges,CLEAR-G,Nominal,SumEncoder,,2,0.6857142857142857
163,bridges,CLEAR-G,Nominal,JamesSteinEncoder,,2,0.6857142857142857
164,bridges,CLEAR-G,Nominal,FrequencyEncoder,,2,0.6857142857142857
165,bridges,CLEAR-G,Nominal,TargetEncoder,,2,0.6857142857142857
166,bridges,CLEAR-G,Nominal,BinaryEncoder,,2,0.6857142857142857
167,bridges,CLEAR-G,Nominal,HelmertEncoder,,2,0.6857142857142857
168,bridges,CLEAR-G,Nominal,OneHotEncoder,,2,0.6857142857142857
169,bridges,CLEAR-G,Nominal,HashingEncoder,,2,0.6857142857142857
170,bridges,SPAN,Ordinal,LabelEncoder,,3,0.6857142857142857
171,bridges,SPAN,Ordinal,BaseNEncoder,,3,0.6857142857142857
172,bridges,SPAN,Ordinal,SumEncoder,,3,0.6857142857142857
173,bridges,SPAN,Ordinal,JamesSteinEncoder,,3,0.6857142857142857
174,bridges,SPAN,Ordinal,FrequencyEncoder,,3,0.6857142857142857
175,bridges,SPAN,Ordinal,TargetEncoder,,3,0.6857142857142857
176,bridges,SPAN,Ordinal,BinaryEncoder,,3,0.6857142857142857
177,bridges,SPAN,Ordinal,HelmertEncoder,,3,0.6285714285714286
178,bridges,SPAN,Ordinal,OneHotEncoder,,3,0.6857142857142857
179,bridges,SPAN,Ordinal,HashingEncoder,,3,0.6285714285714286
180,bridges,MATERIAL,Nominal,LabelEncoder,,3,0.7142857142857143
181,bridges,MATERIAL,Nominal,BaseNEncoder,,3,0.7142857142857143
182,bridges,MATERIAL,Nominal,SumEncoder,,3,0.7142857142857143
183,bridges,MATERIAL,Nominal,JamesSteinEncoder,,3,0.7142857142857143
184,bridges,MATERIAL,Nominal,FrequencyEncoder,,3,0.6857142857142857
185,bridges,MATERIAL,Nominal,TargetEncoder,,3,0.7142857142857143
186,bridges,MATERIAL,Nominal,BinaryEncoder,,3,0.7142857142857143
187,bridges,MATERIAL,Nominal,HelmertEncoder,,3,0.7142857142857143
188,bridges,MATERIAL,Nominal,OneHotEncoder,,3,0.7142857142857143
189,bridges,MATERIAL,Nominal,HashingEncoder,,3,0.7142857142857143
190,bridges,RIVER,Nominal,LabelEncoder,,4,0.6571428571428571
191,bridges,RIVER,Nominal,BaseNEncoder,,4,0.6571428571428571
192,bridges,RIVER,Nominal,SumEncoder,,4,0.6857142857142857
193,bridges,RIVER,Nominal,JamesSteinEncoder,,4,0.6571428571428571
194,bridges,RIVER,Nominal,FrequencyEncoder,,4,0.6571428571428571
195,bridges,RIVER,Nominal,TargetEncoder,,4,0.6571428571428571
196,bridges,RIVER,Nominal,BinaryEncoder,,4,0.6571428571428571
197,bridges,RIVER,Nominal,HelmertEncoder,,4,0.6857142857142857
198,bridges,RIVER,Nominal,OneHotEncoder,,4,0.6857142857142857
199,bridges,RIVER,Nominal,HashingEncoder,,4,0.6857142857142857
200,bridges,IDENTIF,Nominal,LabelEncoder,,106,0.6285714285714286
201,bridges,IDENTIF,Nominal,BaseNEncoder,,106,0.6285714285714286
202,bridges,IDENTIF,Nominal,SumEncoder,,106,0.6571428571428571
203,bridges,IDENTIF,Nominal,JamesSteinEncoder,,106,0.6857142857142857
204,bridges,IDENTIF,Nominal,FrequencyEncoder,,106,0.6857142857142857
205,bridges,IDENTIF,Nominal,TargetEncoder,,106,0.6857142857142857
206,bridges,IDENTIF,Nominal,BinaryEncoder,,106,0.6285714285714286
207,bridges,IDENTIF,Nominal,HelmertEncoder,,106,0.6571428571428571
208,bridges,IDENTIF,Nominal,OneHotEncoder,,106,0.6571428571428571
209,bridges,IDENTIF,Nominal,HashingEncoder,,106,0.6571428571428571
210,bridges,REL-L,Nominal,LabelEncoder,,3,0.6571428571428571
211,bridges,REL-L,Nominal,BaseNEncoder,,3,0.6857142857142857
212,bridges,REL-L,Nominal,SumEncoder,,3,0.6857142857142857
213,bridges,REL-L,Nominal,JamesSteinEncoder,,3,0.6571428571428571
214,bridges,REL-L,Nominal,FrequencyEncoder,,3,0.6571428571428571
215,bridges,REL-L,Nominal,TargetEncoder,,3,0.6571428571428571
216,bridges,REL-L,Nominal,BinaryEncoder,,3,0.6857142857142857
217,bridges,REL-L,Nominal,HelmertEncoder,,3,0.6857142857142857
218,bridges,REL-L,Nominal,OneHotEncoder,,3,0.6571428571428571
219,bridges,REL-L,Nominal,HashingEncoder,,3,0.6857142857142857
220,bridges,PURPOSE,Nominal,LabelEncoder,,4,0.7428571428571429
221,bridges,PURPOSE,Nominal,BaseNEncoder,,4,0.6857142857142857
222,bridges,PURPOSE,Nominal,SumEncoder,,4,0.7428571428571429
223,bridges,PURPOSE,Nominal,JamesSteinEncoder,,4,0.7428571428571429
224,bridges,PURPOSE,Nominal,FrequencyEncoder,,4,0.6857142857142857
225,bridges,PURPOSE,Nominal,TargetEncoder,,4,0.7428571428571429
226,bridges,PURPOSE,Nominal,BinaryEncoder,,4,0.6857142857142857
227,bridges,PURPOSE,Nominal,HelmertEncoder,,4,0.7428571428571429
228,bridges,PURPOSE,Nominal,OneHotEncoder,,4,0.7428571428571429
229,bridges,PURPOSE,Nominal,HashingEncoder,,4,0.7428571428571429
230,bridges,T-OR-D,Nominal,LabelEncoder,,2,0.6571428571428571
231,bridges,T-OR-D,Nominal,BaseNEncoder,,2,0.6571428571428571
232,bridges,T-OR-D,Nominal,SumEncoder,,2,0.6571428571428571
233,bridges,T-OR-D,Nominal,JamesSteinEncoder,,2,0.6571428571428571
234,bridges,T-OR-D,Nominal,FrequencyEncoder,,2,0.6571428571428571
235,bridges,T-OR-D,Nominal,TargetEncoder,,2,0.6571428571428571
236,bridges,T-OR-D,Nominal,BinaryEncoder,,2,0.6571428571428571
237,bridges,T-OR-D,Nominal,HelmertEncoder,,2,0.6571428571428571
238,bridges,T-OR-D,Nominal,OneHotEncoder,,2,0.6571428571428571
239,bridges,T-OR-D,Nominal,HashingEncoder,,2,0.6571428571428571
240,car1,maint,Ordinal,LabelEncoder,,5,0.23157894736842105
241,car1,maint,Ordinal,BaseNEncoder,,5,0.23157894736842105
242,car1,maint,Ordinal,SumEncoder,,5,0.23157894736842105
243,car1,maint,Ordinal,JamesSteinEncoder,,5,0.25087719298245614
244,car1,maint,Ordinal,FrequencyEncoder,,5,0.25087719298245614
245,car1,maint,Ordinal,TargetEncoder,,5,0.25087719298245614
246,car1,maint,Ordinal,BinaryEncoder,,5,0.23157894736842105
247,car1,maint,Ordinal,HelmertEncoder,,5,0.23157894736842105
248,car1,maint,Ordinal,OneHotEncoder,,5,0.23157894736842105
249,car1,maint,Ordinal,HashingEncoder,,5,0.25263157894736843
250,car1,lug_boot,Ordinal,LabelEncoder,,4,0.23157894736842105
251,car1,lug_boot,Ordinal,BaseNEncoder,,4,0.23157894736842105
252,car1,lug_boot,Ordinal,SumEncoder,,4,0.23157894736842105
253,car1,lug_boot,Ordinal,JamesSteinEncoder,,4,0.23157894736842105
254,car1,lug_boot,Ordinal,FrequencyEncoder,,4,0.23157894736842105
255,car1,lug_boot,Ordinal,TargetEncoder,,4,0.23157894736842105
256,car1,lug_boot,Ordinal,BinaryEncoder,,4,0.23157894736842105
257,car1,lug_boot,Ordinal,HelmertEncoder,,4,0.23157894736842105
258,car1,lug_boot,Ordinal,OneHotEncoder,,4,0.23157894736842105
259,car1,lug_boot,Ordinal,HashingEncoder,,4,0.28771929824561404
260,car1,buying,Nominal,LabelEncoder,,4,0.21228070175438596
261,car1,buying,Nominal,BaseNEncoder,,4,0.21228070175438596
262,car1,buying,Nominal,SumEncoder,,4,0.21228070175438596
263,car1,buying,Nominal,JamesSteinEncoder,,4,0.23157894736842105
264,car1,buying,Nominal,FrequencyEncoder,,4,0.2649122807017544
265,car1,buying,Nominal,TargetEncoder,,4,0.2631578947368421
266,car1,buying,Nominal,BinaryEncoder,,4,0.21228070175438596
267,car1,buying,Nominal,HelmertEncoder,,4,0.21228070175438596
268,car1,buying,Nominal,OneHotEncoder,,4,0.21228070175438596
269,car1,buying,Nominal,HashingEncoder,,4,0.2789473684210526
270,titanic,Pclass,Ordinal,LabelEncoder,,3,0.6406779661016949
271,titanic,Pclass,Ordinal,BaseNEncoder,,3,0.6406779661016949
272,titanic,Pclass,Ordinal,SumEncoder,,3,0.6406779661016949
273,titanic,Pclass,Ordinal,JamesSteinEncoder,,3,0.6406779661016949
274,titanic,Pclass,Ordinal,FrequencyEncoder,,3,0.6406779661016949
275,titanic,Pclass,Ordinal,TargetEncoder,,3,0.6406779661016949
276,titanic,Pclass,Ordinal,BinaryEncoder,,3,0.6406779661016949
277,titanic,Pclass,Ordinal,HelmertEncoder,,3,0.6406779661016949
278,titanic,Pclass,Ordinal,OneHotEncoder,,3,0.6406779661016949
279,titanic,Pclass,Ordinal,HashingEncoder,,3,0.6406779661016949
280,titanic,Embarked,Nominal,LabelEncoder,,3,0.6372881355932203
281,titanic,Embarked,Nominal,BaseNEncoder,,3,0.6440677966101694
282,titanic,Embarked,Nominal,SumEncoder,,3,0.6372881355932203
283,titanic,Embarked,Nominal,JamesSteinEncoder,,3,0.6271186440677966
284,titanic,Embarked,Nominal,FrequencyEncoder,,3,0.6372881355932203
285,titanic,Embarked,Nominal,TargetEncoder,,3,0.6271186440677966
286,titanic,Embarked,Nominal,BinaryEncoder,,3,0.6440677966101694
287,titanic,Embarked,Nominal,HelmertEncoder,,3,0.6305084745762712
288,titanic,Embarked,Nominal,OneHotEncoder,,3,0.6372881355932203
289,titanic,Embarked,Nominal,HashingEncoder,,3,0.6203389830508474
290,titanic,Name,Nominal,LabelEncoder,,891,0.6542372881355932
291,titanic,Name,Nominal,BaseNEncoder,,891,0.6440677966101694
292,titanic,Name,Nominal,SumEncoder,,891,0.6406779661016949
293,titanic,Name,Nominal,JamesSteinEncoder,,891,0.6271186440677966
294,titanic,Name,Nominal,FrequencyEncoder,,891,0.6271186440677966
295,titanic,Name,Nominal,TargetEncoder,,891,0.6271186440677966
296,titanic,Name,Nominal,BinaryEncoder,,891,0.6440677966101694
297,titanic,Name,Nominal,HelmertEncoder,,891,0.6610169491525424
298,titanic,Name,Nominal,OneHotEncoder,,891,0.6508474576271186
299,titanic,Name,Nominal,HashingEncoder,,891,0.6271186440677966
300,titanic,Sex,Nominal,LabelEncoder,,2,0.7830508474576271
301,titanic,Sex,Nominal,BaseNEncoder,,2,0.7830508474576271
302,titanic,Sex,Nominal,SumEncoder,,2,0.7796610169491526
303,titanic,Sex,Nominal,JamesSteinEncoder,,2,0.7864406779661017
304,titanic,Sex,Nominal,FrequencyEncoder,,2,0.7830508474576271
305,titanic,Sex,Nominal,TargetEncoder,,2,0.7864406779661017
306,titanic,Sex,Nominal,BinaryEncoder,,2,0.7830508474576271
307,titanic,Sex,Nominal,HelmertEncoder,,2,0.7661016949152543
308,titanic,Sex,Nominal,OneHotEncoder,,2,0.7796610169491526
309,titanic,Sex,Nominal,HashingEncoder,,2,0.6406779661016949
310,titanic,PassengerId,Nominal,LabelEncoder,,891,0.6067796610169491
311,titanic,PassengerId,Nominal,BaseNEncoder,,891,0.6067796610169491
312,titanic,PassengerId,Nominal,SumEncoder,,891,0.6067796610169491
313,titanic,PassengerId,Nominal,JamesSteinEncoder,,891,0.6067796610169491
314,titanic,PassengerId,Nominal,FrequencyEncoder,,891,0.6271186440677966
315,titanic,PassengerId,Nominal,TargetEncoder,,891,0.6067796610169491
316,titanic,PassengerId,Nominal,BinaryEncoder,,891,0.6067796610169491
317,titanic,PassengerId,Nominal,HelmertEncoder,,891,0.6067796610169491
318,titanic,PassengerId,Nominal,OneHotEncoder,,891,0.6067796610169491
319,titanic,PassengerId,Nominal,HashingEncoder,,891,0.6067796610169491
320,titanic,Ticket,Nominal,LabelEncoder,,681,0.6576271186440678
321,titanic,Ticket,Nominal,BaseNEncoder,,681,0.5559322033898305
322,titanic,Ticket,Nominal,SumEncoder,,681,0.6237288135593221
323,titanic,Ticket,Nominal,JamesSteinEncoder,,681,0.9355932203389831
324,titanic,Ticket,Nominal,FrequencyEncoder,,681,0.6406779661016949
325,titanic,Ticket,Nominal,TargetEncoder,,681,0.7254237288135593
326,titanic,Ticket,Nominal,BinaryEncoder,,681,0.5559322033898305
327,titanic,Ticket,Nominal,HelmertEncoder,,681,0.6677966101694915
328,titanic,Ticket,Nominal,OneHotEncoder,,681,0.6372881355932203
329,titanic,Ticket,Nominal,HashingEncoder,,681,0.6305084745762712
330,titanic,Cabin,Nominal,LabelEncoder,,145,0.6745762711864407
331,titanic,Cabin,Nominal,BaseNEncoder,,145,0.6305084745762712
332,titanic,Cabin,Nominal,SumEncoder,,145,0.6711864406779661
333,titanic,Cabin,Nominal,JamesSteinEncoder,,145,0.735593220338983
334,titanic,Cabin,Nominal,FrequencyEncoder,,145,0.6677966101694915
335,titanic,Cabin,Nominal,TargetEncoder,,145,0.6610169491525424
336,titanic,Cabin,Nominal,BinaryEncoder,,145,0.6305084745762712
337,titanic,Cabin,Nominal,HelmertEncoder,,145,0.6779661016949152
338,titanic,Cabin,Nominal,OneHotEncoder,,145,0.6644067796610169
339,titanic,Cabin,Nominal,HashingEncoder,,145,0.6271186440677966
340,heart,ca,Nominal,LabelEncoder,,5,0.65
341,heart,ca,Nominal,BaseNEncoder,,5,0.65
342,heart,ca,Nominal,SumEncoder,,5,0.65
343,heart,ca,Nominal,JamesSteinEncoder,,5,0.65
344,heart,ca,Nominal,FrequencyEncoder,,5,0.65
345,heart,ca,Nominal,TargetEncoder,,5,0.65
346,heart,ca,Nominal,BinaryEncoder,,5,0.65
347,heart,ca,Nominal,HelmertEncoder,,5,0.65
348,heart,ca,Nominal,OneHotEncoder,,5,0.65
349,heart,ca,Nominal,HashingEncoder,,5,0.65
350,heart,thal,Ordinal,LabelEncoder,,4,0.74
351,heart,thal,Ordinal,BaseNEncoder,,4,0.74
352,heart,thal,Ordinal,SumEncoder,,4,0.74
353,heart,thal,Ordinal,JamesSteinEncoder,,4,0.74
354,heart,thal,Ordinal,FrequencyEncoder,,4,0.69
355,heart,thal,Ordinal,TargetEncoder,,4,0.74
356,heart,thal,Ordinal,BinaryEncoder,,4,0.74
357,heart,thal,Ordinal,HelmertEncoder,,4,0.74
358,heart,thal,Ordinal,OneHotEncoder,,4,0.74
359,heart,thal,Ordinal,HashingEncoder,,4,0.74
360,heart,restecg,Nominal,LabelEncoder,,3,0.56
361,heart,restecg,Nominal,BaseNEncoder,,3,0.56
362,heart,restecg,Nominal,SumEncoder,,3,0.56
363,heart,restecg,Nominal,JamesSteinEncoder,,3,0.56
364,heart,restecg,Nominal,FrequencyEncoder,,3,0.56
365,heart,restecg,Nominal,TargetEncoder,,3,0.56
366,heart,restecg,Nominal,BinaryEncoder,,3,0.56
367,heart,restecg,Nominal,HelmertEncoder,,3,0.56
368,heart,restecg,Nominal,OneHotEncoder,,3,0.56
369,heart,restecg,Nominal,HashingEncoder,,3,0.56
370,heart,fbs,Nominal,LabelEncoder,,2,0.55
371,heart,fbs,Nominal,BaseNEncoder,,2,0.55
372,heart,fbs,Nominal,SumEncoder,,2,0.55
373,heart,fbs,Nominal,JamesSteinEncoder,,2,0.55
374,heart,fbs,Nominal,FrequencyEncoder,,2,0.55
375,heart,fbs,Nominal,TargetEncoder,,2,0.55
376,heart,fbs,Nominal,BinaryEncoder,,2,0.55
377,heart,fbs,Nominal,HelmertEncoder,,2,0.55
378,heart,fbs,Nominal,OneHotEncoder,,2,0.55
379,heart,fbs,Nominal,HashingEncoder,,2,0.55
380,heart,cp,Nominal,LabelEncoder,,4,0.73
381,heart,cp,Nominal,BaseNEncoder,,4,0.73
382,heart,cp,Nominal,SumEncoder,,4,0.73
383,heart,cp,Nominal,JamesSteinEncoder,,4,0.73
384,heart,cp,Nominal,FrequencyEncoder,,4,0.77
385,heart,cp,Nominal,TargetEncoder,,4,0.73
386,heart,cp,Nominal,BinaryEncoder,,4,0.73
387,heart,cp,Nominal,HelmertEncoder,,4,0.73
388,heart,cp,Nominal,OneHotEncoder,,4,0.73
389,heart,cp,Nominal,HashingEncoder,,4,0.73
390,heart,sex,Nominal,LabelEncoder,,2,0.67
391,heart,sex,Nominal,BaseNEncoder,,2,0.67
392,heart,sex,Nominal,SumEncoder,,2,0.67
393,heart,sex,Nominal,JamesSteinEncoder,,2,0.67
394,heart,sex,Nominal,FrequencyEncoder,,2,0.67
395,heart,sex,Nominal,TargetEncoder,,2,0.67
396,heart,sex,Nominal,BinaryEncoder,,2,0.67
397,heart,sex,Nominal,HelmertEncoder,,2,0.67
398,heart,sex,Nominal,OneHotEncoder,,2,0.67
399,heart,sex,Nominal,HashingEncoder,,2,0.67
400,heart,slope,Ordinal,LabelEncoder,,3,0.56
401,heart,slope,Ordinal,BaseNEncoder,,3,0.56
402,heart,slope,Ordinal,SumEncoder,,3,0.56
403,heart,slope,Ordinal,JamesSteinEncoder,,3,0.56
404,heart,slope,Ordinal,FrequencyEncoder,,3,0.56
405,heart,slope,Ordinal,TargetEncoder,,3,0.56
406,heart,slope,Ordinal,BinaryEncoder,,3,0.56
407,heart,slope,Ordinal,HelmertEncoder,,3,0.56
408,heart,slope,Ordinal,OneHotEncoder,,3,0.56
409,heart,slope,Ordinal,HashingEncoder,,3,0.56
410,heart,exang,Nominal,LabelEncoder,,2,0.66
411,heart,exang,Nominal,BaseNEncoder,,2,0.66
412,heart,exang,Nominal,SumEncoder,,2,0.66
413,heart,exang,Nominal,JamesSteinEncoder,,2,0.66
414,heart,exang,Nominal,FrequencyEncoder,,2,0.66
415,heart,exang,Nominal,TargetEncoder,,2,0.66
416,heart,exang,Nominal,BinaryEncoder,,2,0.66
417,heart,exang,Nominal,HelmertEncoder,,2,0.66
418,heart,exang,Nominal,OneHotEncoder,,2,0.66
419,heart,exang,Nominal,HashingEncoder,,2,0.66
420,adult,education-num,Ordinal,LabelEncoder,,16,0.7649423746984723
421,adult,education-num,Ordinal,BaseNEncoder,,16,0.7649423746984723
422,adult,education-num,Ordinal,SumEncoder,,16,0.7649423746984723
423,adult,education-num,Ordinal,JamesSteinEncoder,,16,0.7649423746984723
424,adult,education-num,Ordinal,FrequencyEncoder,,16,0.7627311712677566
425,adult,education-num,Ordinal,TargetEncoder,,16,0.7649423746984723
426,adult,education-num,Ordinal,BinaryEncoder,,16,0.7649423746984723
427,adult,education-num,Ordinal,HelmertEncoder,,16,0.7649423746984723
428,adult,education-num,Ordinal,OneHotEncoder,,16,0.7649423746984723
429,adult,education-num,Ordinal,HashingEncoder,,16,0.7649423746984723
430,adult,marital-status,Nominal,LabelEncoder,,7,0.7795497185741088
431,adult,marital-status,Nominal,BaseNEncoder,,7,0.783905119270973
432,adult,marital-status,Nominal,SumEncoder,,7,0.7779415706244974
433,adult,marital-status,Nominal,JamesSteinEncoder,,7,0.7783436076119002
434,adult,marital-status,Nominal,FrequencyEncoder,,7,0.7768024658268561
435,adult,marital-status,Nominal,TargetEncoder,,7,0.7782766014473331
436,adult,marital-status,Nominal,BinaryEncoder,,7,0.783905119270973
437,adult,marital-status,Nominal,HelmertEncoder,,7,0.7776735459662288
438,adult,marital-status,Nominal,OneHotEncoder,,7,0.7781425891181989
439,adult,marital-status,Nominal,HashingEncoder,,7,0.777271508978826
440,adult,education,Ordinal,LabelEncoder,,16,0.7656124363441437
441,adult,education,Ordinal,BaseNEncoder,,16,0.7658134548378451
442,adult,education,Ordinal,SumEncoder,,16,0.7674886089520235
443,adult,education,Ordinal,JamesSteinEncoder,,16,0.7644063253819351
444,adult,education,Ordinal,FrequencyEncoder,,16,0.7627311712677566
445,adult,education,Ordinal,TargetEncoder,,16,0.7644063253819351
446,adult,education,Ordinal,BinaryEncoder,,16,0.7658134548378451
447,adult,education,Ordinal,HelmertEncoder,,16,0.7650763870276065
448,adult,education,Ordinal,OneHotEncoder,,16,0.7672205842937551
449,adult,education,Ordinal,HashingEncoder,,16,0.7577727150897883
450,adult,workclass,Nominal,LabelEncoder,,7,0.7479898150629858
451,adult,workclass,Nominal,BaseNEncoder,,7,0.7502680246582686
452,adult,workclass,Nominal,SumEncoder,,7,0.7504020369874028
453,adult,workclass,Nominal,JamesSteinEncoder,,7,0.7489279013669258
454,adult,workclass,Nominal,FrequencyEncoder,,7,0.747587778075583
455,adult,workclass,Nominal,TargetEncoder,,7,0.7489279013669258
456,adult,workclass,Nominal,BinaryEncoder,,7,0.7502680246582686
457,adult,workclass,Nominal,HelmertEncoder,,7,0.7443714821763602
458,adult,workclass,Nominal,OneHotEncoder,,7,0.7489279013669258
459,adult,workclass,Nominal,HashingEncoder,,7,0.747118734923613
460,adult,relationship,Nominal,LabelEncoder,,6,0.782967032967033
461,adult,relationship,Nominal,BaseNEncoder,,6,0.7802867863843473
462,adult,relationship,Nominal,SumEncoder,,6,0.782028946663093
463,adult,relationship,Nominal,JamesSteinEncoder,,6,0.7833020637898687
464,adult,relationship,Nominal,FrequencyEncoder,,6,0.7809568480300187
465,adult,relationship,Nominal,TargetEncoder,,6,0.7833020637898687
466,adult,relationship,Nominal,BinaryEncoder,,6,0.7802867863843473
467,adult,relationship,Nominal,HelmertEncoder,,6,0.781559903511123
468,adult,relationship,Nominal,OneHotEncoder,,6,0.7818279281693916
469,adult,relationship,Nominal,HashingEncoder,,6,0.769565800053605
470,adult,race,Nominal,LabelEncoder,,5,0.7483248458858215
471,adult,race,Nominal,BaseNEncoder,,5,0.7496649691771643
472,adult,race,Nominal,SumEncoder,,5,0.7493969445188957
473,adult,race,Nominal,JamesSteinEncoder,,5,0.7495979630125972
474,adult,race,Nominal,FrequencyEncoder,,5,0.7495979630125972
475,adult,race,Nominal,TargetEncoder,,5,0.7495979630125972
476,adult,race,Nominal,BinaryEncoder,,5,0.7496649691771643
477,adult,race,Nominal,HelmertEncoder,,5,0.7483918520503886
478,adult,race,Nominal,OneHotEncoder,,5,0.7508710801393729
479,adult,race,Nominal,HashingEncoder,,5,0.7487938890377914
480,adult,sex,Nominal,LabelEncoder,,2,0.7572366657732511
481,adult,sex,Nominal,BaseNEncoder,,2,0.7557625301527741
482,adult,sex,Nominal,SumEncoder,,2,0.7567676226212812
483,adult,sex,Nominal,JamesSteinEncoder,,2,0.7579737335834896
484,adult,sex,Nominal,FrequencyEncoder,,2,0.7572366657732511
485,adult,sex,Nominal,TargetEncoder,,2,0.7579737335834896
486,adult,sex,Nominal,BinaryEncoder,,2,0.7557625301527741
487,adult,sex,Nominal,HelmertEncoder,,2,0.7571026534441169
488,adult,sex,Nominal,OneHotEncoder,,2,0.7555615116590726
489,adult,sex,Nominal,HashingEncoder,,2,0.7571026534441169
490,adult,native-country,Nominal,LabelEncoder,,41,0.746649691771643
491,adult,native-country,Nominal,BaseNEncoder,,41,0.7505360493165372
492,adult,native-country,Nominal,SumEncoder,,41,0.7507370678102385
493,adult,native-country,Nominal,JamesSteinEncoder,,41,0.7504020369874028
494,adult,native-country,Nominal,FrequencyEncoder,,41,0.7513401232913428
495,adult,native-country,Nominal,TargetEncoder,,41,0.7504690431519699
496,adult,native-country,Nominal,BinaryEncoder,,41,0.7505360493165372
497,adult,native-country,Nominal,HelmertEncoder,,41,0.7508710801393729
498,adult,native-country,Nominal,OneHotEncoder,,41,0.752412221924417
499,adult,native-country,Nominal,HashingEncoder,,41,0.7473867595818815
500,adult,occupation,Nominal,LabelEncoder,,14,0.7605869740016081
501,adult,occupation,Nominal,BaseNEncoder,,14,0.7634682390779952
502,adult,occupation,Nominal,SumEncoder,,14,0.763870276065398
503,adult,occupation,Nominal,JamesSteinEncoder,,14,0.7630662020905923
504,adult,occupation,Nominal,FrequencyEncoder,,14,0.758107745912624
505,adult,occupation,Nominal,TargetEncoder,,14,0.7630662020905923
506,adult,occupation,Nominal,BinaryEncoder,,14,0.7634682390779952
507,adult,occupation,Nominal,HelmertEncoder,,14,0.764339319217368
508,adult,occupation,Nominal,OneHotEncoder,,14,0.765277405521308
509,adult,occupation,Nominal,HashingEncoder,,14,0.7577727150897883
510,random,Size,Ordinal,LabelEncoder,,2,0.6
511,random,Size,Ordinal,BaseNEncoder,,2,0.6
512,random,Size,Ordinal,SumEncoder,,2,0.6
513,random,Size,Ordinal,JamesSteinEncoder,,2,0.6
514,random,Size,Ordinal,FrequencyEncoder,,2,0.6
515,random,Size,Ordinal,TargetEncoder,,2,0.6
516,random,Size,Ordinal,BinaryEncoder,,2,0.6
517,random,Size,Ordinal,HelmertEncoder,,2,0.6
518,random,Size,Ordinal,OneHotEncoder,,2,0.6
519,random,Size,Ordinal,HashingEncoder,,2,0.6
520,random,Act,Nominal,LabelEncoder,,2,0.6
521,random,Act,Nominal,BaseNEncoder,,2,0.6
522,random,Act,Nominal,SumEncoder,,2,0.6
523,random,Act,Nominal,JamesSteinEncoder,,2,0.6
524,random,Act,Nominal,FrequencyEncoder,,2,0.6
525,random,Act,Nominal,TargetEncoder,,2,0.6
526,random,Act,Nominal,BinaryEncoder,,2,0.6
527,random,Act,Nominal,HelmertEncoder,,2,0.6
528,random,Act,Nominal,OneHotEncoder,,2,0.6
529,random,Act,Nominal,HashingEncoder,,2,0.6
530,random,Color,Nominal,LabelEncoder,,2,0.6
531,random,Color,Nominal,BaseNEncoder,,2,0.6
532,random,Color,Nominal,SumEncoder,,2,0.6
533,random,Color,Nominal,JamesSteinEncoder,,2,0.6
534,random,Color,Nominal,FrequencyEncoder,,2,0.6
535,random,Color,Nominal,TargetEncoder,,2,0.6
536,random,Color,Nominal,BinaryEncoder,,2,0.6
537,random,Color,Nominal,HelmertEncoder,,2,0.6
538,random,Color,Nominal,OneHotEncoder,,2,0.6
539,random,Color,Nominal,HashingEncoder,,2,0.6
540,random,Age,Nominal,LabelEncoder,,2,0.2
541,random,Age,Nominal,BaseNEncoder,,2,0.2
542,random,Age,Nominal,SumEncoder,,2,0.2
543,random,Age,Nominal,JamesSteinEncoder,,2,0.2
544,random,Age,Nominal,FrequencyEncoder,,2,0.2
545,random,Age,Nominal,TargetEncoder,,2,0.2
546,random,Age,Nominal,BinaryEncoder,,2,0.2
547,random,Age,Nominal,HelmertEncoder,,2,0.2
548,random,Age,Nominal,OneHotEncoder,,2,0.2
549,random,Age,Nominal,HashingEncoder,,2,0.2
