,DataSetName,NominalEncoder,OrdinalEncoder,Score
0,heart,JamesSteinEncoder,JamesSteinEncoder,0.74
1,heart,JamesSteinEncoder,BaseNEncoder,0.74
2,heart,JamesSteinEncoder,HelmertEncoder,0.74
3,heart,JamesSteinEncoder,SumEncoder,0.74
4,heart,JamesSteinEncoder,OneHotEncoder,0.74
5,heart,JamesSteinEncoder,LabelEncoder,0.74
6,heart,JamesSteinEncoder,BinaryEncoder,0.74
7,heart,JamesSteinEncoder,FrequencyEncoder,0.75
8,heart,JamesSteinEncoder,TargetEncoder,0.74
9,heart,JamesSteinEncoder,HashingEncoder,0.74
10,heart,BaseNEncoder,JamesSteinEncoder,0.74
11,heart,BaseNEncoder,BaseNEncoder,0.74
12,heart,BaseNEncoder,HelmertEncoder,0.74
13,heart,BaseNEncoder,SumEncoder,0.74
14,heart,BaseNEncoder,OneHotEncoder,0.74
15,heart,BaseNEncoder,LabelEncoder,0.74
16,heart,BaseNEncoder,BinaryEncoder,0.74
17,heart,BaseNEncoder,FrequencyEncoder,0.75
18,heart,BaseNEncoder,TargetEncoder,0.74
19,heart,BaseNEncoder,HashingEncoder,0.74
20,heart,HelmertEncoder,JamesSteinEncoder,0.74
21,heart,HelmertEncoder,BaseNEncoder,0.74
22,heart,HelmertEncoder,HelmertEncoder,0.74
23,heart,HelmertEncoder,SumEncoder,0.74
24,heart,HelmertEncoder,OneHotEncoder,0.74
25,heart,HelmertEncoder,LabelEncoder,0.74
26,heart,HelmertEncoder,BinaryEncoder,0.74
27,heart,HelmertEncoder,FrequencyEncoder,0.75
28,heart,HelmertEncoder,TargetEncoder,0.74
29,heart,HelmertEncoder,HashingEncoder,0.74
30,heart,SumEncoder,JamesSteinEncoder,0.74
31,heart,SumEncoder,BaseNEncoder,0.74
32,heart,SumEncoder,HelmertEncoder,0.74
33,heart,SumEncoder,SumEncoder,0.74
34,heart,SumEncoder,OneHotEncoder,0.74
35,heart,SumEncoder,LabelEncoder,0.74
36,heart,SumEncoder,BinaryEncoder,0.74
37,heart,SumEncoder,FrequencyEncoder,0.75
38,heart,SumEncoder,TargetEncoder,0.74
39,heart,SumEncoder,HashingEncoder,0.74
40,heart,OneHotEncoder,JamesSteinEncoder,0.74
41,heart,OneHotEncoder,BaseNEncoder,0.74
42,heart,OneHotEncoder,HelmertEncoder,0.74
43,heart,OneHotEncoder,SumEncoder,0.74
44,heart,OneHotEncoder,OneHotEncoder,0.74
45,heart,OneHotEncoder,LabelEncoder,0.74
46,heart,OneHotEncoder,BinaryEncoder,0.74
47,heart,OneHotEncoder,FrequencyEncoder,0.75
48,heart,OneHotEncoder,TargetEncoder,0.74
49,heart,OneHotEncoder,HashingEncoder,0.74
50,heart,LabelEncoder,JamesSteinEncoder,0.74
51,heart,LabelEncoder,BaseNEncoder,0.74
52,heart,LabelEncoder,HelmertEncoder,0.74
53,heart,LabelEncoder,SumEncoder,0.74
54,heart,LabelEncoder,OneHotEncoder,0.74
55,heart,LabelEncoder,LabelEncoder,0.74
56,heart,LabelEncoder,BinaryEncoder,0.74
57,heart,LabelEncoder,FrequencyEncoder,0.75
58,heart,LabelEncoder,TargetEncoder,0.74
59,heart,LabelEncoder,HashingEncoder,0.74
60,heart,BinaryEncoder,JamesSteinEncoder,0.74
61,heart,BinaryEncoder,BaseNEncoder,0.74
62,heart,BinaryEncoder,HelmertEncoder,0.74
63,heart,BinaryEncoder,SumEncoder,0.74
64,heart,BinaryEncoder,OneHotEncoder,0.74
65,heart,BinaryEncoder,LabelEncoder,0.74
66,heart,BinaryEncoder,BinaryEncoder,0.74
67,heart,BinaryEncoder,FrequencyEncoder,0.75
68,heart,BinaryEncoder,TargetEncoder,0.74
69,heart,BinaryEncoder,HashingEncoder,0.74
70,heart,FrequencyEncoder,JamesSteinEncoder,0.74
71,heart,FrequencyEncoder,BaseNEncoder,0.74
72,heart,FrequencyEncoder,HelmertEncoder,0.74
73,heart,FrequencyEncoder,SumEncoder,0.74
74,heart,FrequencyEncoder,OneHotEncoder,0.74
75,heart,FrequencyEncoder,LabelEncoder,0.74
76,heart,FrequencyEncoder,BinaryEncoder,0.74
77,heart,FrequencyEncoder,FrequencyEncoder,0.77
78,heart,FrequencyEncoder,TargetEncoder,0.74
79,heart,FrequencyEncoder,HashingEncoder,0.74
80,heart,TargetEncoder,JamesSteinEncoder,0.74
81,heart,TargetEncoder,BaseNEncoder,0.74
82,heart,TargetEncoder,HelmertEncoder,0.74
83,heart,TargetEncoder,SumEncoder,0.74
84,heart,TargetEncoder,OneHotEncoder,0.74
85,heart,TargetEncoder,LabelEncoder,0.74
86,heart,TargetEncoder,BinaryEncoder,0.74
87,heart,TargetEncoder,FrequencyEncoder,0.75
88,heart,TargetEncoder,TargetEncoder,0.74
89,heart,TargetEncoder,HashingEncoder,0.74
90,heart,HashingEncoder,JamesSteinEncoder,0.74
91,heart,HashingEncoder,BaseNEncoder,0.74
92,heart,HashingEncoder,HelmertEncoder,0.74
93,heart,HashingEncoder,SumEncoder,0.74
94,heart,HashingEncoder,OneHotEncoder,0.74
95,heart,HashingEncoder,LabelEncoder,0.74
96,heart,HashingEncoder,BinaryEncoder,0.74
97,heart,HashingEncoder,FrequencyEncoder,0.75
98,heart,HashingEncoder,TargetEncoder,0.74
99,heart,HashingEncoder,HashingEncoder,0.74
100,titanic,JamesSteinEncoder,JamesSteinEncoder,0.9864406779661017
101,titanic,JamesSteinEncoder,BaseNEncoder,0.9864406779661017
102,titanic,JamesSteinEncoder,HelmertEncoder,0.9864406779661017
103,titanic,JamesSteinEncoder,SumEncoder,0.9864406779661017
104,titanic,JamesSteinEncoder,OneHotEncoder,0.9864406779661017
105,titanic,JamesSteinEncoder,LabelEncoder,0.9864406779661017
106,titanic,JamesSteinEncoder,BinaryEncoder,0.9864406779661017
107,titanic,JamesSteinEncoder,FrequencyEncoder,0.9864406779661017
108,titanic,JamesSteinEncoder,TargetEncoder,0.9864406779661017
109,titanic,JamesSteinEncoder,HashingEncoder,0.9864406779661017
110,titanic,BaseNEncoder,JamesSteinEncoder,0.7694915254237288
111,titanic,BaseNEncoder,BaseNEncoder,0.7694915254237288
112,titanic,BaseNEncoder,HelmertEncoder,0.7694915254237288
113,titanic,BaseNEncoder,SumEncoder,0.7694915254237288
114,titanic,BaseNEncoder,OneHotEncoder,0.7694915254237288
115,titanic,BaseNEncoder,LabelEncoder,0.7694915254237288
116,titanic,BaseNEncoder,BinaryEncoder,0.7694915254237288
117,titanic,BaseNEncoder,FrequencyEncoder,0.7694915254237288
118,titanic,BaseNEncoder,TargetEncoder,0.7694915254237288
119,titanic,BaseNEncoder,HashingEncoder,0.7694915254237288
120,titanic,HelmertEncoder,JamesSteinEncoder,0.823728813559322
121,titanic,HelmertEncoder,BaseNEncoder,0.823728813559322
122,titanic,HelmertEncoder,HelmertEncoder,0.823728813559322
123,titanic,HelmertEncoder,SumEncoder,0.823728813559322
124,titanic,HelmertEncoder,OneHotEncoder,0.823728813559322
125,titanic,HelmertEncoder,LabelEncoder,0.823728813559322
126,titanic,HelmertEncoder,BinaryEncoder,0.823728813559322
127,titanic,HelmertEncoder,FrequencyEncoder,0.823728813559322
128,titanic,HelmertEncoder,TargetEncoder,0.823728813559322
129,titanic,HelmertEncoder,HashingEncoder,0.823728813559322
130,titanic,SumEncoder,JamesSteinEncoder,0.8
131,titanic,SumEncoder,BaseNEncoder,0.8
132,titanic,SumEncoder,HelmertEncoder,0.8
133,titanic,SumEncoder,SumEncoder,0.8
134,titanic,SumEncoder,OneHotEncoder,0.8
135,titanic,SumEncoder,LabelEncoder,0.8
136,titanic,SumEncoder,BinaryEncoder,0.8
137,titanic,SumEncoder,FrequencyEncoder,0.8
138,titanic,SumEncoder,TargetEncoder,0.8
139,titanic,SumEncoder,HashingEncoder,0.8
140,titanic,OneHotEncoder,JamesSteinEncoder,0.7898305084745763
141,titanic,OneHotEncoder,BaseNEncoder,0.7898305084745763
142,titanic,OneHotEncoder,HelmertEncoder,0.7898305084745763
143,titanic,OneHotEncoder,SumEncoder,0.7898305084745763
144,titanic,OneHotEncoder,OneHotEncoder,0.7898305084745763
145,titanic,OneHotEncoder,LabelEncoder,0.7898305084745763
146,titanic,OneHotEncoder,BinaryEncoder,0.7898305084745763
147,titanic,OneHotEncoder,FrequencyEncoder,0.7796610169491526
148,titanic,OneHotEncoder,TargetEncoder,0.7898305084745763
149,titanic,OneHotEncoder,HashingEncoder,0.7898305084745763
150,titanic,LabelEncoder,JamesSteinEncoder,0.752542372881356
151,titanic,LabelEncoder,BaseNEncoder,0.752542372881356
152,titanic,LabelEncoder,HelmertEncoder,0.752542372881356
153,titanic,LabelEncoder,SumEncoder,0.752542372881356
154,titanic,LabelEncoder,OneHotEncoder,0.752542372881356
155,titanic,LabelEncoder,LabelEncoder,0.752542372881356
156,titanic,LabelEncoder,BinaryEncoder,0.752542372881356
157,titanic,LabelEncoder,FrequencyEncoder,0.752542372881356
158,titanic,LabelEncoder,TargetEncoder,0.752542372881356
159,titanic,LabelEncoder,HashingEncoder,0.752542372881356
160,titanic,BinaryEncoder,JamesSteinEncoder,0.7694915254237288
161,titanic,BinaryEncoder,BaseNEncoder,0.7694915254237288
162,titanic,BinaryEncoder,HelmertEncoder,0.7694915254237288
163,titanic,BinaryEncoder,SumEncoder,0.7694915254237288
164,titanic,BinaryEncoder,OneHotEncoder,0.7694915254237288
165,titanic,BinaryEncoder,LabelEncoder,0.7694915254237288
166,titanic,BinaryEncoder,BinaryEncoder,0.7694915254237288
167,titanic,BinaryEncoder,FrequencyEncoder,0.7694915254237288
168,titanic,BinaryEncoder,TargetEncoder,0.7694915254237288
169,titanic,BinaryEncoder,HashingEncoder,0.7694915254237288
170,titanic,FrequencyEncoder,JamesSteinEncoder,0.7389830508474576
171,titanic,FrequencyEncoder,BaseNEncoder,0.7389830508474576
172,titanic,FrequencyEncoder,HelmertEncoder,0.7389830508474576
173,titanic,FrequencyEncoder,SumEncoder,0.7389830508474576
174,titanic,FrequencyEncoder,OneHotEncoder,0.7389830508474576
175,titanic,FrequencyEncoder,LabelEncoder,0.7389830508474576
176,titanic,FrequencyEncoder,BinaryEncoder,0.7389830508474576
177,titanic,FrequencyEncoder,FrequencyEncoder,0.752542372881356
178,titanic,FrequencyEncoder,TargetEncoder,0.7389830508474576
179,titanic,FrequencyEncoder,HashingEncoder,0.7389830508474576
180,titanic,TargetEncoder,JamesSteinEncoder,0.847457627118644
181,titanic,TargetEncoder,BaseNEncoder,0.847457627118644
182,titanic,TargetEncoder,HelmertEncoder,0.847457627118644
183,titanic,TargetEncoder,SumEncoder,0.847457627118644
184,titanic,TargetEncoder,OneHotEncoder,0.847457627118644
185,titanic,TargetEncoder,LabelEncoder,0.847457627118644
186,titanic,TargetEncoder,BinaryEncoder,0.847457627118644
187,titanic,TargetEncoder,FrequencyEncoder,0.847457627118644
188,titanic,TargetEncoder,TargetEncoder,0.847457627118644
189,titanic,TargetEncoder,HashingEncoder,0.847457627118644
190,titanic,HashingEncoder,JamesSteinEncoder,0.6508474576271186
191,titanic,HashingEncoder,BaseNEncoder,0.6508474576271186
192,titanic,HashingEncoder,HelmertEncoder,0.6508474576271186
193,titanic,HashingEncoder,SumEncoder,0.6508474576271186
194,titanic,HashingEncoder,OneHotEncoder,0.6508474576271186
195,titanic,HashingEncoder,LabelEncoder,0.6508474576271186
196,titanic,HashingEncoder,BinaryEncoder,0.6508474576271186
197,titanic,HashingEncoder,FrequencyEncoder,0.6508474576271186
198,titanic,HashingEncoder,TargetEncoder,0.6508474576271186
199,titanic,HashingEncoder,HashingEncoder,0.6508474576271186
200,adult,JamesSteinEncoder,JamesSteinEncoder,0.8108415974269633
201,adult,JamesSteinEncoder,BaseNEncoder,0.8127177700348432
202,adult,JamesSteinEncoder,HelmertEncoder,0.8101045296167247
203,adult,JamesSteinEncoder,SumEncoder,0.8093674618064862
204,adult,JamesSteinEncoder,OneHotEncoder,0.8086974001608148
205,adult,JamesSteinEncoder,LabelEncoder,0.8103055481104262
206,adult,JamesSteinEncoder,BinaryEncoder,0.8127177700348432
207,adult,JamesSteinEncoder,FrequencyEncoder,0.8086974001608148
208,adult,JamesSteinEncoder,TargetEncoder,0.8108415974269633
209,adult,JamesSteinEncoder,HashingEncoder,0.8109086035915304
210,adult,BaseNEncoder,JamesSteinEncoder,0.802599839185205
211,adult,BaseNEncoder,BaseNEncoder,0.8066202090592335
212,adult,BaseNEncoder,HelmertEncoder,0.801594746716698
213,adult,BaseNEncoder,SumEncoder,0.8007236665773251
214,adult,BaseNEncoder,OneHotEncoder,0.8007236665773251
215,adult,BaseNEncoder,LabelEncoder,0.8034709193245778
216,adult,BaseNEncoder,BinaryEncoder,0.8066202090592335
217,adult,BaseNEncoder,FrequencyEncoder,0.8022648083623694
218,adult,BaseNEncoder,TargetEncoder,0.802599839185205
219,adult,BaseNEncoder,HashingEncoder,0.803068882337175
220,adult,HelmertEncoder,JamesSteinEncoder,0.8110426159206647
221,adult,HelmertEncoder,BaseNEncoder,0.811176628249799
222,adult,HelmertEncoder,HelmertEncoder,0.8098365049584562
223,adult,HelmertEncoder,SumEncoder,0.8086303939962477
224,adult,HelmertEncoder,OneHotEncoder,0.8107745912623961
225,adult,HelmertEncoder,LabelEncoder,0.8097024926293219
226,adult,HelmertEncoder,BinaryEncoder,0.811176628249799
227,adult,HelmertEncoder,FrequencyEncoder,0.8085633878316805
228,adult,HelmertEncoder,TargetEncoder,0.8110426159206647
229,adult,HelmertEncoder,HashingEncoder,0.8099705172875905
230,adult,SumEncoder,JamesSteinEncoder,0.8096354864647548
231,adult,SumEncoder,BaseNEncoder,0.8066202090592335
232,adult,SumEncoder,HelmertEncoder,0.8089654248190834
233,adult,SumEncoder,SumEncoder,0.8066872152238006
234,adult,SumEncoder,OneHotEncoder,0.8079603323505763
235,adult,SumEncoder,LabelEncoder,0.808295363173412
236,adult,SumEncoder,BinaryEncoder,0.8066202090592335
237,adult,SumEncoder,FrequencyEncoder,0.8081613508442776
238,adult,SumEncoder,TargetEncoder,0.8096354864647548
239,adult,SumEncoder,HashingEncoder,0.8090324309836505
240,adult,OneHotEncoder,JamesSteinEncoder,0.806888233717502
241,adult,OneHotEncoder,BaseNEncoder,0.8061511659072634
242,adult,OneHotEncoder,HelmertEncoder,0.806888233717502
243,adult,OneHotEncoder,SumEncoder,0.8072232645403377
244,adult,OneHotEncoder,OneHotEncoder,0.8071562583757705
245,adult,OneHotEncoder,LabelEncoder,0.8079603323505763
246,adult,OneHotEncoder,BinaryEncoder,0.8061511659072634
247,adult,OneHotEncoder,FrequencyEncoder,0.8086974001608148
248,adult,OneHotEncoder,TargetEncoder,0.806888233717502
249,adult,OneHotEncoder,HashingEncoder,0.8084293755025462
250,adult,LabelEncoder,JamesSteinEncoder,0.8005226480836237
251,adult,LabelEncoder,BaseNEncoder,0.8013267220584294
252,adult,LabelEncoder,HelmertEncoder,0.7989815062985794
253,adult,LabelEncoder,SumEncoder,0.7991825247922809
254,adult,LabelEncoder,OneHotEncoder,0.7980434199946395
255,adult,LabelEncoder,LabelEncoder,0.8012597158938622
256,adult,LabelEncoder,BinaryEncoder,0.8013267220584294
257,adult,LabelEncoder,FrequencyEncoder,0.8001206110962209
258,adult,LabelEncoder,TargetEncoder,0.8005226480836237
259,adult,LabelEncoder,HashingEncoder,0.8017957652103993
260,adult,BinaryEncoder,JamesSteinEncoder,0.802599839185205
261,adult,BinaryEncoder,BaseNEncoder,0.8066202090592335
262,adult,BinaryEncoder,HelmertEncoder,0.801594746716698
263,adult,BinaryEncoder,SumEncoder,0.8007236665773251
264,adult,BinaryEncoder,OneHotEncoder,0.8007236665773251
265,adult,BinaryEncoder,LabelEncoder,0.8034709193245778
266,adult,BinaryEncoder,BinaryEncoder,0.8066202090592335
267,adult,BinaryEncoder,FrequencyEncoder,0.8022648083623694
268,adult,BinaryEncoder,TargetEncoder,0.802599839185205
269,adult,BinaryEncoder,HashingEncoder,0.803068882337175
270,adult,FrequencyEncoder,JamesSteinEncoder,0.8110426159206647
271,adult,FrequencyEncoder,BaseNEncoder,0.8057491289198606
272,adult,FrequencyEncoder,HelmertEncoder,0.805883141248995
273,adult,FrequencyEncoder,SumEncoder,0.8070222460466363
274,adult,FrequencyEncoder,OneHotEncoder,0.810707585097829
275,adult,FrequencyEncoder,LabelEncoder,0.8080943446797105
276,adult,FrequencyEncoder,BinaryEncoder,0.8057491289198606
277,adult,FrequencyEncoder,FrequencyEncoder,0.8075582953631734
278,adult,FrequencyEncoder,TargetEncoder,0.8110426159206647
279,adult,FrequencyEncoder,HashingEncoder,0.8070892522112034
280,adult,TargetEncoder,JamesSteinEncoder,0.8108415974269633
281,adult,TargetEncoder,BaseNEncoder,0.8128517823639775
282,adult,TargetEncoder,HelmertEncoder,0.8101045296167247
283,adult,TargetEncoder,SumEncoder,0.8093004556419191
284,adult,TargetEncoder,OneHotEncoder,0.8086303939962477
285,adult,TargetEncoder,LabelEncoder,0.810238541945859
286,adult,TargetEncoder,BinaryEncoder,0.8128517823639775
287,adult,TargetEncoder,FrequencyEncoder,0.8086974001608148
288,adult,TargetEncoder,TargetEncoder,0.8108415974269633
289,adult,TargetEncoder,HashingEncoder,0.8108415974269633
290,adult,HashingEncoder,JamesSteinEncoder,0.7955641919056553
291,adult,HashingEncoder,BaseNEncoder,0.7943580809434468
292,adult,HashingEncoder,HelmertEncoder,0.7963012597158938
293,adult,HashingEncoder,SumEncoder,0.7965022782095953
294,adult,HashingEncoder,OneHotEncoder,0.7943580809434468
295,adult,HashingEncoder,LabelEncoder,0.7954971857410882
296,adult,HashingEncoder,BinaryEncoder,0.7943580809434468
297,adult,HashingEncoder,FrequencyEncoder,0.7902036987402841
298,adult,HashingEncoder,TargetEncoder,0.7955641919056553
299,adult,HashingEncoder,HashingEncoder,0.7944920932725811
300,bridges,JamesSteinEncoder,JamesSteinEncoder,0.7142857142857143
301,bridges,JamesSteinEncoder,BaseNEncoder,0.7142857142857143
302,bridges,JamesSteinEncoder,HelmertEncoder,0.7142857142857143
303,bridges,JamesSteinEncoder,SumEncoder,0.7142857142857143
304,bridges,JamesSteinEncoder,OneHotEncoder,0.7142857142857143
305,bridges,JamesSteinEncoder,LabelEncoder,0.7142857142857143
306,bridges,JamesSteinEncoder,BinaryEncoder,0.7142857142857143
307,bridges,JamesSteinEncoder,FrequencyEncoder,0.7142857142857143
308,bridges,JamesSteinEncoder,TargetEncoder,0.7142857142857143
309,bridges,JamesSteinEncoder,HashingEncoder,0.7142857142857143
310,bridges,BaseNEncoder,JamesSteinEncoder,0.7142857142857143
311,bridges,BaseNEncoder,BaseNEncoder,0.7142857142857143
312,bridges,BaseNEncoder,HelmertEncoder,0.7142857142857143
313,bridges,BaseNEncoder,SumEncoder,0.7428571428571429
314,bridges,BaseNEncoder,OneHotEncoder,0.7428571428571429
315,bridges,BaseNEncoder,LabelEncoder,0.7142857142857143
316,bridges,BaseNEncoder,BinaryEncoder,0.7142857142857143
317,bridges,BaseNEncoder,FrequencyEncoder,0.7142857142857143
318,bridges,BaseNEncoder,TargetEncoder,0.7142857142857143
319,bridges,BaseNEncoder,HashingEncoder,0.7142857142857143
320,bridges,HelmertEncoder,JamesSteinEncoder,0.8
321,bridges,HelmertEncoder,BaseNEncoder,0.6857142857142857
322,bridges,HelmertEncoder,HelmertEncoder,0.7714285714285715
323,bridges,HelmertEncoder,SumEncoder,0.7714285714285715
324,bridges,HelmertEncoder,OneHotEncoder,0.8
325,bridges,HelmertEncoder,LabelEncoder,0.8
326,bridges,HelmertEncoder,BinaryEncoder,0.6857142857142857
327,bridges,HelmertEncoder,FrequencyEncoder,0.8
328,bridges,HelmertEncoder,TargetEncoder,0.8
329,bridges,HelmertEncoder,HashingEncoder,0.8
330,bridges,SumEncoder,JamesSteinEncoder,0.7142857142857143
331,bridges,SumEncoder,BaseNEncoder,0.8
332,bridges,SumEncoder,HelmertEncoder,0.6857142857142857
333,bridges,SumEncoder,SumEncoder,0.7142857142857143
334,bridges,SumEncoder,OneHotEncoder,0.8
335,bridges,SumEncoder,LabelEncoder,0.7142857142857143
336,bridges,SumEncoder,BinaryEncoder,0.8
337,bridges,SumEncoder,FrequencyEncoder,0.7142857142857143
338,bridges,SumEncoder,TargetEncoder,0.7142857142857143
339,bridges,SumEncoder,HashingEncoder,0.7142857142857143
340,bridges,OneHotEncoder,JamesSteinEncoder,0.7714285714285715
341,bridges,OneHotEncoder,BaseNEncoder,0.7714285714285715
342,bridges,OneHotEncoder,HelmertEncoder,0.6857142857142857
343,bridges,OneHotEncoder,SumEncoder,0.6857142857142857
344,bridges,OneHotEncoder,OneHotEncoder,0.8
345,bridges,OneHotEncoder,LabelEncoder,0.7714285714285715
346,bridges,OneHotEncoder,BinaryEncoder,0.7714285714285715
347,bridges,OneHotEncoder,FrequencyEncoder,0.7714285714285715
348,bridges,OneHotEncoder,TargetEncoder,0.7714285714285715
349,bridges,OneHotEncoder,HashingEncoder,0.7142857142857143
350,bridges,LabelEncoder,JamesSteinEncoder,0.8
351,bridges,LabelEncoder,BaseNEncoder,0.8
352,bridges,LabelEncoder,HelmertEncoder,0.8
353,bridges,LabelEncoder,SumEncoder,0.8
354,bridges,LabelEncoder,OneHotEncoder,0.8
355,bridges,LabelEncoder,LabelEncoder,0.8
356,bridges,LabelEncoder,BinaryEncoder,0.8
357,bridges,LabelEncoder,FrequencyEncoder,0.8
358,bridges,LabelEncoder,TargetEncoder,0.8
359,bridges,LabelEncoder,HashingEncoder,0.8
360,bridges,BinaryEncoder,JamesSteinEncoder,0.7142857142857143
361,bridges,BinaryEncoder,BaseNEncoder,0.7142857142857143
362,bridges,BinaryEncoder,HelmertEncoder,0.7142857142857143
363,bridges,BinaryEncoder,SumEncoder,0.7428571428571429
364,bridges,BinaryEncoder,OneHotEncoder,0.7428571428571429
365,bridges,BinaryEncoder,LabelEncoder,0.7142857142857143
366,bridges,BinaryEncoder,BinaryEncoder,0.7142857142857143
367,bridges,BinaryEncoder,FrequencyEncoder,0.7142857142857143
368,bridges,BinaryEncoder,TargetEncoder,0.7142857142857143
369,bridges,BinaryEncoder,HashingEncoder,0.7142857142857143
370,bridges,FrequencyEncoder,JamesSteinEncoder,0.6285714285714286
371,bridges,FrequencyEncoder,BaseNEncoder,0.6571428571428571
372,bridges,FrequencyEncoder,HelmertEncoder,0.6857142857142857
373,bridges,FrequencyEncoder,SumEncoder,0.6571428571428571
374,bridges,FrequencyEncoder,OneHotEncoder,0.6571428571428571
375,bridges,FrequencyEncoder,LabelEncoder,0.6285714285714286
376,bridges,FrequencyEncoder,BinaryEncoder,0.6571428571428571
377,bridges,FrequencyEncoder,FrequencyEncoder,0.6285714285714286
378,bridges,FrequencyEncoder,TargetEncoder,0.6285714285714286
379,bridges,FrequencyEncoder,HashingEncoder,0.6285714285714286
380,bridges,TargetEncoder,JamesSteinEncoder,0.7142857142857143
381,bridges,TargetEncoder,BaseNEncoder,0.7142857142857143
382,bridges,TargetEncoder,HelmertEncoder,0.7142857142857143
383,bridges,TargetEncoder,SumEncoder,0.7142857142857143
384,bridges,TargetEncoder,OneHotEncoder,0.7142857142857143
385,bridges,TargetEncoder,LabelEncoder,0.7142857142857143
386,bridges,TargetEncoder,BinaryEncoder,0.7142857142857143
387,bridges,TargetEncoder,FrequencyEncoder,0.7142857142857143
388,bridges,TargetEncoder,TargetEncoder,0.7142857142857143
389,bridges,TargetEncoder,HashingEncoder,0.7142857142857143
390,bridges,HashingEncoder,JamesSteinEncoder,0.7714285714285715
391,bridges,HashingEncoder,BaseNEncoder,0.7714285714285715
392,bridges,HashingEncoder,HelmertEncoder,0.7142857142857143
393,bridges,HashingEncoder,SumEncoder,0.7714285714285715
394,bridges,HashingEncoder,OneHotEncoder,0.7714285714285715
395,bridges,HashingEncoder,LabelEncoder,0.7714285714285715
396,bridges,HashingEncoder,BinaryEncoder,0.7714285714285715
397,bridges,HashingEncoder,FrequencyEncoder,0.7714285714285715
398,bridges,HashingEncoder,TargetEncoder,0.7714285714285715
399,bridges,HashingEncoder,HashingEncoder,0.6857142857142857
400,audiology,JamesSteinEncoder,JamesSteinEncoder,0.31746031746031744
401,audiology,JamesSteinEncoder,BaseNEncoder,0.31746031746031744
402,audiology,JamesSteinEncoder,HelmertEncoder,0.2857142857142857
403,audiology,JamesSteinEncoder,SumEncoder,0.2857142857142857
404,audiology,JamesSteinEncoder,OneHotEncoder,0.2857142857142857
405,audiology,JamesSteinEncoder,LabelEncoder,0.3333333333333333
406,audiology,JamesSteinEncoder,BinaryEncoder,0.31746031746031744
407,audiology,JamesSteinEncoder,FrequencyEncoder,0.30158730158730157
408,audiology,JamesSteinEncoder,TargetEncoder,0.31746031746031744
409,audiology,JamesSteinEncoder,HashingEncoder,0.2857142857142857
410,audiology,BaseNEncoder,JamesSteinEncoder,0.15873015873015872
411,audiology,BaseNEncoder,BaseNEncoder,0.19047619047619047
412,audiology,BaseNEncoder,HelmertEncoder,0.15873015873015872
413,audiology,BaseNEncoder,SumEncoder,0.19047619047619047
414,audiology,BaseNEncoder,OneHotEncoder,0.19047619047619047
415,audiology,BaseNEncoder,LabelEncoder,0.23809523809523808
416,audiology,BaseNEncoder,BinaryEncoder,0.19047619047619047
417,audiology,BaseNEncoder,FrequencyEncoder,0.19047619047619047
418,audiology,BaseNEncoder,TargetEncoder,0.15873015873015872
419,audiology,BaseNEncoder,HashingEncoder,0.1746031746031746
420,audiology,HelmertEncoder,JamesSteinEncoder,0.30158730158730157
421,audiology,HelmertEncoder,BaseNEncoder,0.3492063492063492
422,audiology,HelmertEncoder,HelmertEncoder,0.30158730158730157
423,audiology,HelmertEncoder,SumEncoder,0.31746031746031744
424,audiology,HelmertEncoder,OneHotEncoder,0.3333333333333333
425,audiology,HelmertEncoder,LabelEncoder,0.31746031746031744
426,audiology,HelmertEncoder,BinaryEncoder,0.3492063492063492
427,audiology,HelmertEncoder,FrequencyEncoder,0.30158730158730157
428,audiology,HelmertEncoder,TargetEncoder,0.30158730158730157
429,audiology,HelmertEncoder,HashingEncoder,0.2857142857142857
430,audiology,SumEncoder,JamesSteinEncoder,0.31746031746031744
431,audiology,SumEncoder,BaseNEncoder,0.3333333333333333
432,audiology,SumEncoder,HelmertEncoder,0.2857142857142857
433,audiology,SumEncoder,SumEncoder,0.30158730158730157
434,audiology,SumEncoder,OneHotEncoder,0.30158730158730157
435,audiology,SumEncoder,LabelEncoder,0.3333333333333333
436,audiology,SumEncoder,BinaryEncoder,0.3333333333333333
437,audiology,SumEncoder,FrequencyEncoder,0.30158730158730157
438,audiology,SumEncoder,TargetEncoder,0.31746031746031744
439,audiology,SumEncoder,HashingEncoder,0.3492063492063492
440,audiology,OneHotEncoder,JamesSteinEncoder,0.31746031746031744
441,audiology,OneHotEncoder,BaseNEncoder,0.3492063492063492
442,audiology,OneHotEncoder,HelmertEncoder,0.2857142857142857
443,audiology,OneHotEncoder,SumEncoder,0.30158730158730157
444,audiology,OneHotEncoder,OneHotEncoder,0.2857142857142857
445,audiology,OneHotEncoder,LabelEncoder,0.3492063492063492
446,audiology,OneHotEncoder,BinaryEncoder,0.3492063492063492
447,audiology,OneHotEncoder,FrequencyEncoder,0.30158730158730157
448,audiology,OneHotEncoder,TargetEncoder,0.31746031746031744
449,audiology,OneHotEncoder,HashingEncoder,0.3333333333333333
450,audiology,LabelEncoder,JamesSteinEncoder,0.2698412698412698
451,audiology,LabelEncoder,BaseNEncoder,0.31746031746031744
452,audiology,LabelEncoder,HelmertEncoder,0.30158730158730157
453,audiology,LabelEncoder,SumEncoder,0.2857142857142857
454,audiology,LabelEncoder,OneHotEncoder,0.2857142857142857
455,audiology,LabelEncoder,LabelEncoder,0.25396825396825395
456,audiology,LabelEncoder,BinaryEncoder,0.31746031746031744
457,audiology,LabelEncoder,FrequencyEncoder,0.2698412698412698
458,audiology,LabelEncoder,TargetEncoder,0.2698412698412698
459,audiology,LabelEncoder,HashingEncoder,0.25396825396825395
460,audiology,BinaryEncoder,JamesSteinEncoder,0.15873015873015872
461,audiology,BinaryEncoder,BaseNEncoder,0.19047619047619047
462,audiology,BinaryEncoder,HelmertEncoder,0.15873015873015872
463,audiology,BinaryEncoder,SumEncoder,0.19047619047619047
464,audiology,BinaryEncoder,OneHotEncoder,0.19047619047619047
465,audiology,BinaryEncoder,LabelEncoder,0.23809523809523808
466,audiology,BinaryEncoder,BinaryEncoder,0.19047619047619047
467,audiology,BinaryEncoder,FrequencyEncoder,0.19047619047619047
468,audiology,BinaryEncoder,TargetEncoder,0.15873015873015872
469,audiology,BinaryEncoder,HashingEncoder,0.1746031746031746
470,audiology,FrequencyEncoder,JamesSteinEncoder,0.31746031746031744
471,audiology,FrequencyEncoder,BaseNEncoder,0.30158730158730157
472,audiology,FrequencyEncoder,HelmertEncoder,0.30158730158730157
473,audiology,FrequencyEncoder,SumEncoder,0.30158730158730157
474,audiology,FrequencyEncoder,OneHotEncoder,0.30158730158730157
475,audiology,FrequencyEncoder,LabelEncoder,0.31746031746031744
476,audiology,FrequencyEncoder,BinaryEncoder,0.30158730158730157
477,audiology,FrequencyEncoder,FrequencyEncoder,0.31746031746031744
478,audiology,FrequencyEncoder,TargetEncoder,0.31746031746031744
479,audiology,FrequencyEncoder,HashingEncoder,0.30158730158730157
480,audiology,TargetEncoder,JamesSteinEncoder,0.31746031746031744
481,audiology,TargetEncoder,BaseNEncoder,0.31746031746031744
482,audiology,TargetEncoder,HelmertEncoder,0.2857142857142857
483,audiology,TargetEncoder,SumEncoder,0.2857142857142857
484,audiology,TargetEncoder,OneHotEncoder,0.2857142857142857
485,audiology,TargetEncoder,LabelEncoder,0.3333333333333333
486,audiology,TargetEncoder,BinaryEncoder,0.31746031746031744
487,audiology,TargetEncoder,FrequencyEncoder,0.30158730158730157
488,audiology,TargetEncoder,TargetEncoder,0.31746031746031744
489,audiology,TargetEncoder,HashingEncoder,0.2857142857142857
490,audiology,HashingEncoder,JamesSteinEncoder,0.25396825396825395
491,audiology,HashingEncoder,BaseNEncoder,0.25396825396825395
492,audiology,HashingEncoder,HelmertEncoder,0.23809523809523808
493,audiology,HashingEncoder,SumEncoder,0.23809523809523808
494,audiology,HashingEncoder,OneHotEncoder,0.2857142857142857
495,audiology,HashingEncoder,LabelEncoder,0.25396825396825395
496,audiology,HashingEncoder,BinaryEncoder,0.25396825396825395
497,audiology,HashingEncoder,FrequencyEncoder,0.20634920634920634
498,audiology,HashingEncoder,TargetEncoder,0.25396825396825395
499,audiology,HashingEncoder,HashingEncoder,0.19047619047619047
500,random,JamesSteinEncoder,JamesSteinEncoder,0.4
501,random,JamesSteinEncoder,BaseNEncoder,0.4
502,random,JamesSteinEncoder,HelmertEncoder,0.4
503,random,JamesSteinEncoder,SumEncoder,0.4
504,random,JamesSteinEncoder,OneHotEncoder,0.4
505,random,JamesSteinEncoder,LabelEncoder,0.4
506,random,JamesSteinEncoder,BinaryEncoder,0.4
507,random,JamesSteinEncoder,FrequencyEncoder,0.4
508,random,JamesSteinEncoder,TargetEncoder,0.4
509,random,JamesSteinEncoder,HashingEncoder,0.4
510,random,BaseNEncoder,JamesSteinEncoder,0.4
511,random,BaseNEncoder,BaseNEncoder,0.4
512,random,BaseNEncoder,HelmertEncoder,0.4
513,random,BaseNEncoder,SumEncoder,0.4
514,random,BaseNEncoder,OneHotEncoder,0.4
515,random,BaseNEncoder,LabelEncoder,0.4
516,random,BaseNEncoder,BinaryEncoder,0.4
517,random,BaseNEncoder,FrequencyEncoder,0.4
518,random,BaseNEncoder,TargetEncoder,0.4
519,random,BaseNEncoder,HashingEncoder,0.4
520,random,HelmertEncoder,JamesSteinEncoder,0.4
521,random,HelmertEncoder,BaseNEncoder,0.4
522,random,HelmertEncoder,HelmertEncoder,0.4
523,random,HelmertEncoder,SumEncoder,0.4
524,random,HelmertEncoder,OneHotEncoder,0.4
525,random,HelmertEncoder,LabelEncoder,0.4
526,random,HelmertEncoder,BinaryEncoder,0.4
527,random,HelmertEncoder,FrequencyEncoder,0.4
528,random,HelmertEncoder,TargetEncoder,0.4
529,random,HelmertEncoder,HashingEncoder,0.4
530,random,SumEncoder,JamesSteinEncoder,0.4
531,random,SumEncoder,BaseNEncoder,0.4
532,random,SumEncoder,HelmertEncoder,0.4
533,random,SumEncoder,SumEncoder,0.4
534,random,SumEncoder,OneHotEncoder,0.4
535,random,SumEncoder,LabelEncoder,0.4
536,random,SumEncoder,BinaryEncoder,0.4
537,random,SumEncoder,FrequencyEncoder,0.4
538,random,SumEncoder,TargetEncoder,0.4
539,random,SumEncoder,HashingEncoder,0.4
540,random,OneHotEncoder,JamesSteinEncoder,0.4
541,random,OneHotEncoder,BaseNEncoder,0.4
542,random,OneHotEncoder,HelmertEncoder,0.4
543,random,OneHotEncoder,SumEncoder,0.4
544,random,OneHotEncoder,OneHotEncoder,0.4
545,random,OneHotEncoder,LabelEncoder,0.4
546,random,OneHotEncoder,BinaryEncoder,0.4
547,random,OneHotEncoder,FrequencyEncoder,0.4
548,random,OneHotEncoder,TargetEncoder,0.4
549,random,OneHotEncoder,HashingEncoder,0.4
550,random,LabelEncoder,JamesSteinEncoder,0.4
551,random,LabelEncoder,BaseNEncoder,0.4
552,random,LabelEncoder,HelmertEncoder,0.4
553,random,LabelEncoder,SumEncoder,0.4
554,random,LabelEncoder,OneHotEncoder,0.4
555,random,LabelEncoder,LabelEncoder,0.4
556,random,LabelEncoder,BinaryEncoder,0.4
557,random,LabelEncoder,FrequencyEncoder,0.4
558,random,LabelEncoder,TargetEncoder,0.4
559,random,LabelEncoder,HashingEncoder,0.4
560,random,BinaryEncoder,JamesSteinEncoder,0.4
561,random,BinaryEncoder,BaseNEncoder,0.4
562,random,BinaryEncoder,HelmertEncoder,0.4
563,random,BinaryEncoder,SumEncoder,0.4
564,random,BinaryEncoder,OneHotEncoder,0.4
565,random,BinaryEncoder,LabelEncoder,0.4
566,random,BinaryEncoder,BinaryEncoder,0.4
567,random,BinaryEncoder,FrequencyEncoder,0.4
568,random,BinaryEncoder,TargetEncoder,0.4
569,random,BinaryEncoder,HashingEncoder,0.4
570,random,FrequencyEncoder,JamesSteinEncoder,0.4
571,random,FrequencyEncoder,BaseNEncoder,0.4
572,random,FrequencyEncoder,HelmertEncoder,0.4
573,random,FrequencyEncoder,SumEncoder,0.4
574,random,FrequencyEncoder,OneHotEncoder,0.4
575,random,FrequencyEncoder,LabelEncoder,0.4
576,random,FrequencyEncoder,BinaryEncoder,0.4
577,random,FrequencyEncoder,FrequencyEncoder,0.4
578,random,FrequencyEncoder,TargetEncoder,0.4
579,random,FrequencyEncoder,HashingEncoder,0.4
580,random,TargetEncoder,JamesSteinEncoder,0.4
581,random,TargetEncoder,BaseNEncoder,0.4
582,random,TargetEncoder,HelmertEncoder,0.4
583,random,TargetEncoder,SumEncoder,0.4
584,random,TargetEncoder,OneHotEncoder,0.4
585,random,TargetEncoder,LabelEncoder,0.4
586,random,TargetEncoder,BinaryEncoder,0.4
587,random,TargetEncoder,FrequencyEncoder,0.4
588,random,TargetEncoder,TargetEncoder,0.4
589,random,TargetEncoder,HashingEncoder,0.4
590,random,HashingEncoder,JamesSteinEncoder,0.2
591,random,HashingEncoder,BaseNEncoder,0.2
592,random,HashingEncoder,HelmertEncoder,0.2
593,random,HashingEncoder,SumEncoder,0.2
594,random,HashingEncoder,OneHotEncoder,0.2
595,random,HashingEncoder,LabelEncoder,0.2
596,random,HashingEncoder,BinaryEncoder,0.2
597,random,HashingEncoder,FrequencyEncoder,0.2
598,random,HashingEncoder,TargetEncoder,0.2
599,random,HashingEncoder,HashingEncoder,0.2
600,car,JamesSteinEncoder,JamesSteinEncoder,0.029850746268656716
601,car,JamesSteinEncoder,BaseNEncoder,0.029850746268656716
602,car,JamesSteinEncoder,HelmertEncoder,0.029850746268656716
603,car,JamesSteinEncoder,SumEncoder,0.029850746268656716
604,car,JamesSteinEncoder,OneHotEncoder,0.029850746268656716
605,car,JamesSteinEncoder,LabelEncoder,0.029850746268656716
606,car,JamesSteinEncoder,BinaryEncoder,0.029850746268656716
607,car,JamesSteinEncoder,FrequencyEncoder,0.029850746268656716
608,car,JamesSteinEncoder,TargetEncoder,0.029850746268656716
609,car,JamesSteinEncoder,HashingEncoder,0.029850746268656716
610,car,BaseNEncoder,JamesSteinEncoder,0.029850746268656716
611,car,BaseNEncoder,BaseNEncoder,0.029850746268656716
612,car,BaseNEncoder,HelmertEncoder,0.029850746268656716
613,car,BaseNEncoder,SumEncoder,0.029850746268656716
614,car,BaseNEncoder,OneHotEncoder,0.029850746268656716
615,car,BaseNEncoder,LabelEncoder,0.029850746268656716
616,car,BaseNEncoder,BinaryEncoder,0.029850746268656716
617,car,BaseNEncoder,FrequencyEncoder,0.029850746268656716
618,car,BaseNEncoder,TargetEncoder,0.029850746268656716
619,car,BaseNEncoder,HashingEncoder,0.029850746268656716
620,car,HelmertEncoder,JamesSteinEncoder,0.029850746268656716
621,car,HelmertEncoder,BaseNEncoder,0.029850746268656716
622,car,HelmertEncoder,HelmertEncoder,0.029850746268656716
623,car,HelmertEncoder,SumEncoder,0.029850746268656716
624,car,HelmertEncoder,OneHotEncoder,0.029850746268656716
625,car,HelmertEncoder,LabelEncoder,0.029850746268656716
626,car,HelmertEncoder,BinaryEncoder,0.029850746268656716
627,car,HelmertEncoder,FrequencyEncoder,0.029850746268656716
628,car,HelmertEncoder,TargetEncoder,0.029850746268656716
629,car,HelmertEncoder,HashingEncoder,0.029850746268656716
630,car,SumEncoder,JamesSteinEncoder,0.029850746268656716
631,car,SumEncoder,BaseNEncoder,0.029850746268656716
632,car,SumEncoder,HelmertEncoder,0.029850746268656716
633,car,SumEncoder,SumEncoder,0.029850746268656716
634,car,SumEncoder,OneHotEncoder,0.029850746268656716
635,car,SumEncoder,LabelEncoder,0.029850746268656716
636,car,SumEncoder,BinaryEncoder,0.029850746268656716
637,car,SumEncoder,FrequencyEncoder,0.029850746268656716
638,car,SumEncoder,TargetEncoder,0.029850746268656716
639,car,SumEncoder,HashingEncoder,0.029850746268656716
640,car,OneHotEncoder,JamesSteinEncoder,0.014925373134328358
641,car,OneHotEncoder,BaseNEncoder,0.014925373134328358
642,car,OneHotEncoder,HelmertEncoder,0.014925373134328358
643,car,OneHotEncoder,SumEncoder,0.014925373134328358
644,car,OneHotEncoder,OneHotEncoder,0.014925373134328358
645,car,OneHotEncoder,LabelEncoder,0.014925373134328358
646,car,OneHotEncoder,BinaryEncoder,0.014925373134328358
647,car,OneHotEncoder,FrequencyEncoder,0.014925373134328358
648,car,OneHotEncoder,TargetEncoder,0.014925373134328358
649,car,OneHotEncoder,HashingEncoder,0.014925373134328358
650,car,LabelEncoder,JamesSteinEncoder,0.014925373134328358
651,car,LabelEncoder,BaseNEncoder,0.014925373134328358
652,car,LabelEncoder,HelmertEncoder,0.014925373134328358
653,car,LabelEncoder,SumEncoder,0.014925373134328358
654,car,LabelEncoder,OneHotEncoder,0.014925373134328358
655,car,LabelEncoder,LabelEncoder,0.014925373134328358
656,car,LabelEncoder,BinaryEncoder,0.014925373134328358
657,car,LabelEncoder,FrequencyEncoder,0.014925373134328358
658,car,LabelEncoder,TargetEncoder,0.014925373134328358
659,car,LabelEncoder,HashingEncoder,0.014925373134328358
660,car,BinaryEncoder,JamesSteinEncoder,0.029850746268656716
661,car,BinaryEncoder,BaseNEncoder,0.029850746268656716
662,car,BinaryEncoder,HelmertEncoder,0.029850746268656716
663,car,BinaryEncoder,SumEncoder,0.029850746268656716
664,car,BinaryEncoder,OneHotEncoder,0.029850746268656716
665,car,BinaryEncoder,LabelEncoder,0.029850746268656716
666,car,BinaryEncoder,BinaryEncoder,0.029850746268656716
667,car,BinaryEncoder,FrequencyEncoder,0.029850746268656716
668,car,BinaryEncoder,TargetEncoder,0.029850746268656716
669,car,BinaryEncoder,HashingEncoder,0.029850746268656716
670,car,FrequencyEncoder,JamesSteinEncoder,0.04477611940298507
671,car,FrequencyEncoder,BaseNEncoder,0.04477611940298507
672,car,FrequencyEncoder,HelmertEncoder,0.04477611940298507
673,car,FrequencyEncoder,SumEncoder,0.04477611940298507
674,car,FrequencyEncoder,OneHotEncoder,0.04477611940298507
675,car,FrequencyEncoder,LabelEncoder,0.04477611940298507
676,car,FrequencyEncoder,BinaryEncoder,0.04477611940298507
677,car,FrequencyEncoder,FrequencyEncoder,0.04477611940298507
678,car,FrequencyEncoder,TargetEncoder,0.04477611940298507
679,car,FrequencyEncoder,HashingEncoder,0.04477611940298507
680,car,TargetEncoder,JamesSteinEncoder,0.029850746268656716
681,car,TargetEncoder,BaseNEncoder,0.029850746268656716
682,car,TargetEncoder,HelmertEncoder,0.029850746268656716
683,car,TargetEncoder,SumEncoder,0.029850746268656716
684,car,TargetEncoder,OneHotEncoder,0.029850746268656716
685,car,TargetEncoder,LabelEncoder,0.029850746268656716
686,car,TargetEncoder,BinaryEncoder,0.029850746268656716
687,car,TargetEncoder,FrequencyEncoder,0.029850746268656716
688,car,TargetEncoder,TargetEncoder,0.029850746268656716
689,car,TargetEncoder,HashingEncoder,0.029850746268656716
690,car,HashingEncoder,JamesSteinEncoder,0.029850746268656716
691,car,HashingEncoder,BaseNEncoder,0.029850746268656716
692,car,HashingEncoder,HelmertEncoder,0.029850746268656716
693,car,HashingEncoder,SumEncoder,0.029850746268656716
694,car,HashingEncoder,OneHotEncoder,0.029850746268656716
695,car,HashingEncoder,LabelEncoder,0.029850746268656716
696,car,HashingEncoder,BinaryEncoder,0.029850746268656716
697,car,HashingEncoder,FrequencyEncoder,0.029850746268656716
698,car,HashingEncoder,TargetEncoder,0.029850746268656716
699,car,HashingEncoder,HashingEncoder,0.029850746268656716
700,car1,JamesSteinEncoder,JamesSteinEncoder,0.0912280701754386
701,car1,JamesSteinEncoder,BaseNEncoder,0.06491228070175438
702,car1,JamesSteinEncoder,HelmertEncoder,0.06491228070175438
703,car1,JamesSteinEncoder,SumEncoder,0.06491228070175438
704,car1,JamesSteinEncoder,OneHotEncoder,0.06491228070175438
705,car1,JamesSteinEncoder,LabelEncoder,0.06491228070175438
706,car1,JamesSteinEncoder,BinaryEncoder,0.06491228070175438
707,car1,JamesSteinEncoder,FrequencyEncoder,0.0912280701754386
708,car1,JamesSteinEncoder,TargetEncoder,0.0912280701754386
709,car1,JamesSteinEncoder,HashingEncoder,0.15087719298245614
710,car1,BaseNEncoder,JamesSteinEncoder,0.05964912280701754
711,car1,BaseNEncoder,BaseNEncoder,0.03684210526315789
712,car1,BaseNEncoder,HelmertEncoder,0.03684210526315789
713,car1,BaseNEncoder,SumEncoder,0.03684210526315789
714,car1,BaseNEncoder,OneHotEncoder,0.03684210526315789
715,car1,BaseNEncoder,LabelEncoder,0.03684210526315789
716,car1,BaseNEncoder,BinaryEncoder,0.03684210526315789
717,car1,BaseNEncoder,FrequencyEncoder,0.05964912280701754
718,car1,BaseNEncoder,TargetEncoder,0.05964912280701754
719,car1,BaseNEncoder,HashingEncoder,0.12631578947368421
720,car1,HelmertEncoder,JamesSteinEncoder,0.05964912280701754
721,car1,HelmertEncoder,BaseNEncoder,0.03684210526315789
722,car1,HelmertEncoder,HelmertEncoder,0.03684210526315789
723,car1,HelmertEncoder,SumEncoder,0.03684210526315789
724,car1,HelmertEncoder,OneHotEncoder,0.03684210526315789
725,car1,HelmertEncoder,LabelEncoder,0.03684210526315789
726,car1,HelmertEncoder,BinaryEncoder,0.03684210526315789
727,car1,HelmertEncoder,FrequencyEncoder,0.05964912280701754
728,car1,HelmertEncoder,TargetEncoder,0.05964912280701754
729,car1,HelmertEncoder,HashingEncoder,0.12631578947368421
730,car1,SumEncoder,JamesSteinEncoder,0.05964912280701754
731,car1,SumEncoder,BaseNEncoder,0.03684210526315789
732,car1,SumEncoder,HelmertEncoder,0.03684210526315789
733,car1,SumEncoder,SumEncoder,0.03684210526315789
734,car1,SumEncoder,OneHotEncoder,0.03684210526315789
735,car1,SumEncoder,LabelEncoder,0.03684210526315789
736,car1,SumEncoder,BinaryEncoder,0.03684210526315789
737,car1,SumEncoder,FrequencyEncoder,0.05964912280701754
738,car1,SumEncoder,TargetEncoder,0.05964912280701754
739,car1,SumEncoder,HashingEncoder,0.12631578947368421
740,car1,OneHotEncoder,JamesSteinEncoder,0.05964912280701754
741,car1,OneHotEncoder,BaseNEncoder,0.03684210526315789
742,car1,OneHotEncoder,HelmertEncoder,0.03684210526315789
743,car1,OneHotEncoder,SumEncoder,0.03684210526315789
744,car1,OneHotEncoder,OneHotEncoder,0.03684210526315789
745,car1,OneHotEncoder,LabelEncoder,0.03684210526315789
746,car1,OneHotEncoder,BinaryEncoder,0.03684210526315789
747,car1,OneHotEncoder,FrequencyEncoder,0.05964912280701754
748,car1,OneHotEncoder,TargetEncoder,0.05964912280701754
749,car1,OneHotEncoder,HashingEncoder,0.12631578947368421
750,car1,LabelEncoder,JamesSteinEncoder,0.05964912280701754
751,car1,LabelEncoder,BaseNEncoder,0.03684210526315789
752,car1,LabelEncoder,HelmertEncoder,0.03684210526315789
753,car1,LabelEncoder,SumEncoder,0.03684210526315789
754,car1,LabelEncoder,OneHotEncoder,0.03684210526315789
755,car1,LabelEncoder,LabelEncoder,0.03684210526315789
756,car1,LabelEncoder,BinaryEncoder,0.03684210526315789
757,car1,LabelEncoder,FrequencyEncoder,0.05964912280701754
758,car1,LabelEncoder,TargetEncoder,0.05964912280701754
759,car1,LabelEncoder,HashingEncoder,0.12631578947368421
760,car1,BinaryEncoder,JamesSteinEncoder,0.05964912280701754
761,car1,BinaryEncoder,BaseNEncoder,0.03684210526315789
762,car1,BinaryEncoder,HelmertEncoder,0.03684210526315789
763,car1,BinaryEncoder,SumEncoder,0.03684210526315789
764,car1,BinaryEncoder,OneHotEncoder,0.03684210526315789
765,car1,BinaryEncoder,LabelEncoder,0.03684210526315789
766,car1,BinaryEncoder,BinaryEncoder,0.03684210526315789
767,car1,BinaryEncoder,FrequencyEncoder,0.05964912280701754
768,car1,BinaryEncoder,TargetEncoder,0.05964912280701754
769,car1,BinaryEncoder,HashingEncoder,0.12631578947368421
770,car1,FrequencyEncoder,JamesSteinEncoder,0.12456140350877193
771,car1,FrequencyEncoder,BaseNEncoder,0.10350877192982456
772,car1,FrequencyEncoder,HelmertEncoder,0.10350877192982456
773,car1,FrequencyEncoder,SumEncoder,0.10350877192982456
774,car1,FrequencyEncoder,OneHotEncoder,0.10350877192982456
775,car1,FrequencyEncoder,LabelEncoder,0.10350877192982456
776,car1,FrequencyEncoder,BinaryEncoder,0.10350877192982456
777,car1,FrequencyEncoder,FrequencyEncoder,0.12456140350877193
778,car1,FrequencyEncoder,TargetEncoder,0.12456140350877193
779,car1,FrequencyEncoder,HashingEncoder,0.20701754385964913
780,car1,TargetEncoder,JamesSteinEncoder,0.13157894736842105
781,car1,TargetEncoder,BaseNEncoder,0.1
782,car1,TargetEncoder,HelmertEncoder,0.1
783,car1,TargetEncoder,SumEncoder,0.1
784,car1,TargetEncoder,OneHotEncoder,0.1
785,car1,TargetEncoder,LabelEncoder,0.1
786,car1,TargetEncoder,BinaryEncoder,0.1
787,car1,TargetEncoder,FrequencyEncoder,0.13157894736842105
788,car1,TargetEncoder,TargetEncoder,0.13157894736842105
789,car1,TargetEncoder,HashingEncoder,0.18596491228070175
790,car1,HashingEncoder,JamesSteinEncoder,0.13508771929824562
791,car1,HashingEncoder,BaseNEncoder,0.11754385964912281
792,car1,HashingEncoder,HelmertEncoder,0.11754385964912281
793,car1,HashingEncoder,SumEncoder,0.11754385964912281
794,car1,HashingEncoder,OneHotEncoder,0.11754385964912281
795,car1,HashingEncoder,LabelEncoder,0.11754385964912281
796,car1,HashingEncoder,BinaryEncoder,0.11754385964912281
797,car1,HashingEncoder,FrequencyEncoder,0.13508771929824562
798,car1,HashingEncoder,TargetEncoder,0.13508771929824562
799,car1,HashingEncoder,HashingEncoder,0.20877192982456141
